"lipid","signif_mouse","signif_human","overlap","T_stat_human_sepsis","T_stat_mouse_sepsis_AdipoQD_D_v_fl_fl"
"CER(32:1;O2)",TRUE,FALSE,FALSE,1.37079687397576,-4.66821754521267
"CER(33:1;O2)",TRUE,FALSE,FALSE,-0.120477651180498,-4.4418610840751
"CER(34:0;O2)",TRUE,TRUE,FALSE,3.43289251241977,-2.80448023745609
"CER(34:0;O3)",TRUE,FALSE,FALSE,-1.54040572837094,-2.9966147771316
"CER(34:1;O2)",TRUE,TRUE,FALSE,10.10618909233,-3.65204879570448
"CER(34:2;O2)",TRUE,TRUE,FALSE,4.63231539848333,-3.2886104284331
"CER(36:1;O2)",TRUE,TRUE,FALSE,8.64223226624244,-3.61072374892213
"CER(37:1;O2)",TRUE,TRUE,FALSE,4.88076849806021,-3.19193054557021
"CER(38:0;O2)",TRUE,FALSE,FALSE,-2.11549262231431,-2.62622221382514
"CER(38:0;O3)",TRUE,TRUE,FALSE,2.30744322636559,-2.75848084359392
"CER(38:1;O2)",TRUE,FALSE,FALSE,0.497002579399384,-3.2513518140713
"CER(39:1;O2)",TRUE,TRUE,TRUE,-3.78288504865148,-2.98343381445861
"CER(40:0;O2)",TRUE,TRUE,TRUE,-9.49476592011658,-2.7428537187376
"CER(40:0;O3)",TRUE,TRUE,TRUE,-2.29636915794058,-2.61787723905273
"CER(40:1;O2)",TRUE,TRUE,TRUE,-2.69159651516137,-3.42012187792063
"CER(40:2;O2)",TRUE,FALSE,FALSE,-0.0306820445269522,-3.51279797702623
"CER(41:0;O2)",TRUE,TRUE,TRUE,-8.45561064162668,-2.78700062399305
"CER(41:0;O3)",TRUE,FALSE,FALSE,-2.00265082145249,-2.35480429633407
"CER(41:1;O2)",TRUE,TRUE,TRUE,-5.61629153850408,-3.40452642358358
"CER(41:1;O3)",FALSE,TRUE,FALSE,3.18911170945909,-1.82658206075123
"CER(41:2;O2)",TRUE,TRUE,TRUE,-4.00013885952643,-3.64325527188139
"CER(42:0;O2)",TRUE,TRUE,TRUE,-10.7871672881386,-2.61327871134975
"CER(42:0;O3)",TRUE,TRUE,TRUE,-4.37861354593401,-2.76610956584368
"CER(42:1;O2)",TRUE,TRUE,TRUE,-6.7850140318309,-3.18964494043039
"CER(42:1;O3)",TRUE,FALSE,FALSE,-0.808893380896912,-2.75672031390375
"CER(42:2;O2)",TRUE,FALSE,FALSE,1.76894037750084,-3.66380605223347
"CER(42:2;O3)",TRUE,FALSE,FALSE,-0.42888483443307,-2.94543434931786
"CER(42:3;O2)",TRUE,TRUE,FALSE,4.78076869254959,-3.36312802957774
"CER(43:0;O2)",FALSE,TRUE,FALSE,-7.6569276562092,-2.0539774613633
"CER(43:1;O2)",TRUE,TRUE,TRUE,-2.25008535337906,-3.20844712587142
"CER(43:2;O2)",TRUE,TRUE,TRUE,-3.55336551915266,-3.406102554825
"CER(44:0;O3)",TRUE,FALSE,FALSE,0.239609961926987,-1.85367338779953
"CER(44:1;O2)",TRUE,TRUE,TRUE,-9.89678848222537,-2.12037603358786
"CER(44:2;O2)",TRUE,TRUE,TRUE,-2.7916391718715,-3.17613308705947
"DG(34:0)",FALSE,FALSE,FALSE,-0.643409707518218,0.7733925458328
"DG(34:1)",TRUE,FALSE,FALSE,1.62419002056602,-3.00321571658511
"DG(34:2)",FALSE,FALSE,FALSE,1.84554043371951,-1.68806885205732
"DG(34:3)",FALSE,FALSE,FALSE,-1.83343169870648,0.0671667188530609
"DG(36:1)",TRUE,FALSE,FALSE,0.846020241136176,-2.15728847342225
"DG(36:2)",TRUE,FALSE,FALSE,1.4267023387639,-6.22889108503175
"DG(36:3)",TRUE,TRUE,FALSE,2.26362028884575,-3.05540122955167
"DG(36:4)",FALSE,FALSE,FALSE,1.8739174228236,-0.548239385322551
"DG(36:5)",FALSE,FALSE,FALSE,-1.71723685348647,-0.510161664172387
"DG(38:2)",TRUE,FALSE,FALSE,0.0529129592896916,-4.55348458671243
"DG(38:3)",TRUE,FALSE,FALSE,0.460229269391534,-2.34597931840473
"DG(38:5)",TRUE,FALSE,FALSE,1.2853250756278,-1.85409897478217
"DG(38:6)",FALSE,FALSE,FALSE,1.05387348166163,0.629810274361009
"DG(38:7)",FALSE,FALSE,FALSE,-0.892905565332056,-1.12336138140476
"DG(40:7)",TRUE,FALSE,FALSE,1.86783761466769,-1.8511324011142
"DG(40:8)",FALSE,TRUE,FALSE,2.31263376139584,0.936070076643248
"FA13:1",FALSE,FALSE,FALSE,-0.386181908955092,-0.0585334588503613
"FA14:0",TRUE,FALSE,FALSE,-0.154463515019203,-4.36210485863533
"FA14:1",FALSE,TRUE,FALSE,-3.45676402587882,-1.92805089867503
"FA15:0",TRUE,FALSE,FALSE,-0.867975540552079,-3.78428047340149
"FA15:1",TRUE,FALSE,FALSE,-1.7477000274843,-3.20790124993487
"FA16:0",TRUE,FALSE,FALSE,1.33090342706389,-5.28927104811868
"FA16:1",TRUE,TRUE,FALSE,4.99450298124442,-2.46606911447218
"FA17:0",TRUE,TRUE,FALSE,3.24596547847519,-5.04153511602687
"FA17:1",TRUE,FALSE,FALSE,2.14038993967988,-5.31706737418024
"FA18:0",TRUE,TRUE,FALSE,2.98754923901142,-6.17504243593223
"FA18:1",TRUE,TRUE,FALSE,7.89382416375132,-6.9880375009493
"FA18:2",TRUE,TRUE,FALSE,5.18072821643179,-4.53438474843652
"FA18:3",TRUE,FALSE,FALSE,-0.220564801960972,-2.53613283158955
"FA19:0",TRUE,TRUE,FALSE,3.01518374126036,-3.94055582186527
"FA19:1",TRUE,TRUE,FALSE,2.31099343679273,-6.80178863380958
"FA20:0",TRUE,TRUE,TRUE,-2.72672077299416,-4.48315736580853
"FA20:1",TRUE,FALSE,FALSE,1.87967111241346,-5.42316556186948
"FA20:2",TRUE,FALSE,FALSE,1.10053412928142,-4.86404774581245
"FA20:3",TRUE,FALSE,FALSE,-0.611275460973376,-3.10205895099584
"FA20:4",TRUE,FALSE,FALSE,-0.408137435628833,-2.86991042901567
"FA20:5",TRUE,FALSE,FALSE,1.78687685212573,-2.14491360854653
"FA21:0",TRUE,TRUE,FALSE,3.28327696234739,-3.16007092827307
"FA21:1",TRUE,FALSE,FALSE,-1.4569842501657,-3.99759474458284
"FA22:0",TRUE,FALSE,FALSE,1.34705038470849,-2.75761123156195
"FA22:1",TRUE,FALSE,FALSE,0.804227641088728,-4.00807575719676
"FA22:3",TRUE,FALSE,FALSE,-0.868380228895306,-6.64928973214111
"FA22:4",TRUE,FALSE,FALSE,0.579330007003163,-3.58547061411429
"FA22:5",TRUE,TRUE,FALSE,2.36905402798755,-7.54198345072746
"FA22:6",TRUE,FALSE,FALSE,0.426661698119853,-2.78991576368855
"FA23:0",TRUE,FALSE,FALSE,-1.97808425590232,-2.78616189575243
"FA24:0",TRUE,FALSE,FALSE,-0.297344821658045,-2.76443965548794
"FA24:1",TRUE,TRUE,FALSE,3.81733281003451,-3.67730954351576
"FA25:0",TRUE,TRUE,TRUE,-3.70720328388498,-2.94140232397763
"FA25:1",TRUE,TRUE,TRUE,-3.21388854539325,-4.24813287194612
"FA26:0",TRUE,TRUE,TRUE,-3.42705812507361,-2.12409900099382
"FA26:1",TRUE,TRUE,TRUE,-4.5275396350924,-4.60847962863276
"FA28:0",FALSE,FALSE,FALSE,-1.04525019094129,-1.93383092855321
"HEXCER(33:1;O2)",TRUE,FALSE,FALSE,-2.11671821589412,-2.58833962081867
"HEXCER(34:0;O2)",TRUE,FALSE,FALSE,0.281964318038308,-2.05250751886744
"HEXCER(34:1;O2)",TRUE,TRUE,FALSE,2.62266970676825,-2.81389381432155
"HEXCER(34:1;O3)",TRUE,TRUE,TRUE,-5.32864742549621,-2.68410234017841
"HEXCER(34:2;O2)",TRUE,FALSE,FALSE,-1.15961753667891,-2.5759454205859
"HEXCER(36:1;O2)",TRUE,FALSE,FALSE,-0.314438496257681,-3.37443842873385
"HEXCER(38:0;O2)",FALSE,TRUE,FALSE,2.93891849783249,-1.87455278983065
"HEXCER(38:1;O2)",TRUE,TRUE,TRUE,-5.99358340686351,-3.03190428488215
"HEXCER(39:1;O2)",TRUE,TRUE,TRUE,-8.11574934950888,-2.74855053019831
"HEXCER(40:0;O2)",TRUE,TRUE,TRUE,-8.8019602580087,-2.75965693869432
"HEXCER(40:1;O2)",TRUE,TRUE,TRUE,-6.24273697899497,-3.00711192232519
"HEXCER(40:2;O2)",TRUE,TRUE,TRUE,-5.91534816896726,-2.84446381025918
"HEXCER(41:1;O2)",TRUE,TRUE,TRUE,-4.65873626385555,-3.21575597208983
"HEXCER(41:2;O2)",TRUE,TRUE,TRUE,-5.35797442018263,-2.45436246720337
"HEXCER(42:0;O2)",TRUE,TRUE,TRUE,-4.73657305991251,-2.19323691276128
"HEXCER(42:1;O2)",TRUE,TRUE,TRUE,-6.44244454092076,-2.89879392821239
"HEXCER(42:2;O2)",TRUE,FALSE,FALSE,-1.36463550992233,-2.69122790047364
"HEXCER(42:3;O2)",FALSE,FALSE,FALSE,-1.810932135903,-1.97683226708946
"HEXCER(43:1;O2)",TRUE,TRUE,TRUE,-5.80688676715063,-2.92577711588461
"LPC(14:0)",FALSE,FALSE,FALSE,1.82844038593363,0.614510636789471
"LPC(14:1)",FALSE,TRUE,FALSE,-3.74020606224973,0.257095477252685
"LPC(15:0)",FALSE,TRUE,FALSE,-9.88027394396044,0.166640342990904
"LPC(16:0)",FALSE,TRUE,FALSE,-6.31944203785611,-1.34739926774409
"LPC(16:1)",FALSE,TRUE,FALSE,-4.13689815394065,0.151615948617044
"LPC(16:2)",FALSE,TRUE,FALSE,-4.23164136662581,0.719134729306215
"LPC(17:0)",FALSE,TRUE,FALSE,-9.23348598542005,-1.22229545386663
"LPC(17:1)",FALSE,TRUE,FALSE,-7.12740399513648,-0.472001372753292
"LPC(17:2)",FALSE,TRUE,FALSE,2.91294710848074,-0.872258246793597
"LPC(18:0)",TRUE,TRUE,TRUE,-8.91397866137697,-2.58398966589166
"LPC(18:1)",FALSE,FALSE,FALSE,-1.44135479157184,-1.60548876747428
"LPC(18:2)",FALSE,TRUE,FALSE,-7.4720996748077,-1.49691718715539
"LPC(18:3)",FALSE,TRUE,FALSE,-3.9729845769877,-0.71678540280823
"LPC(18:4)",FALSE,TRUE,FALSE,-4.8365063288184,0.952117695694954
"LPC(19:0)",FALSE,TRUE,FALSE,-10.7239302144094,-0.368190401945004
"LPC(19:1)",FALSE,TRUE,FALSE,-6.10849317802576,-0.529207165285553
"LPC(20:0)",FALSE,TRUE,FALSE,-10.3899826653971,-0.459731352812071
"LPC(20:1)",FALSE,TRUE,FALSE,-5.35455806678417,-1.11037785440701
"LPC(20:2)",FALSE,TRUE,FALSE,-4.85162006581773,-0.104623325272243
"LPC(20:3)",TRUE,TRUE,TRUE,-2.65466323286267,-2.82484321593679
"LPC(20:4)",FALSE,TRUE,FALSE,-2.68256991636052,-1.33133867682421
"LPC(20:5)",TRUE,TRUE,TRUE,-3.74386679257475,-2.33408653729742
"LPC(21:0)",FALSE,TRUE,FALSE,-7.26711731072032,-0.175085580040055
"LPC(21:1)",FALSE,FALSE,FALSE,1.46746743154754,0.416313402163269
"LPC(22:0)",FALSE,TRUE,FALSE,-9.80726352242931,-1.39297273041084
"LPC(22:1)",FALSE,TRUE,FALSE,-4.06211432587689,1.15594253927531
"LPC(22:2)",FALSE,TRUE,FALSE,-3.15965888130759,1.66581498559204
"LPC(22:3)",FALSE,TRUE,FALSE,-2.81007325890916,-0.451469382399448
"LPC(22:4)",FALSE,TRUE,FALSE,-3.19428058333612,-1.92407156620257
"LPC(22:5)",FALSE,TRUE,FALSE,-2.64736361176669,-1.10271332127896
"LPC(22:6)",TRUE,FALSE,FALSE,-1.86613976552475,-3.1246606187233
"LPC(23:0)",FALSE,FALSE,FALSE,1.12550749218566,-1.36211333233534
"LPC(23:1)",FALSE,FALSE,FALSE,-2.0634541969414,-0.107510409061827
"LPC(24:0)",TRUE,TRUE,TRUE,-9.71160548853987,-1.89460319849523
"LPC(24:1)",FALSE,TRUE,FALSE,-8.40444805446504,-0.70086154731126
"LPC(24:2)",FALSE,TRUE,FALSE,-3.01701163067944,1.21380328457353
"LPC(24:3)",FALSE,FALSE,FALSE,-1.34850008418925,0.712337812606503
"LPC(24:5)",FALSE,TRUE,FALSE,-4.01338505020056,-1.6891678119735
"LPC(24:6)",FALSE,TRUE,FALSE,-6.37189887001976,-1.04092048208897
"LPC(25:0)",FALSE,TRUE,FALSE,-10.5282894404655,-1.08961357625891
"LPC(25:1)",FALSE,FALSE,FALSE,1.45214701323012,-1.21109384280315
"LPC(26:0)",FALSE,TRUE,FALSE,-9.03338156158173,-1.72644083077794
"LPC(26:1)",FALSE,TRUE,FALSE,-9.23645038225656,-1.6824530115471
"LPC(26:2)",FALSE,TRUE,FALSE,-5.96546651560728,0.359513278992068
"LPC(O-15:0)",TRUE,TRUE,FALSE,-9.3050529818014,3.89026485138881
"LPC(O-16:0)",TRUE,TRUE,FALSE,-7.42333686328905,2.3493825227678
"LPC(O-18:0)",FALSE,TRUE,FALSE,-5.48769578095453,-0.538386610535516
"LPC(O-18:1)",TRUE,TRUE,FALSE,-3.1984277800554,4.51056568358428
"LPC(O-18:2)",TRUE,TRUE,FALSE,-5.46668796127081,5.52801893760371
"LPC(O-20:0)",FALSE,TRUE,FALSE,-4.58166020579408,-0.984305936407496
"LPC(O-20:1)",FALSE,FALSE,FALSE,-1.96332958615781,1.15319838204554
"LPC(O-21:0)",FALSE,FALSE,FALSE,-1.49195641828032,-1.07972138160323
"LPC(O-22:0)",FALSE,TRUE,FALSE,-5.35602070736416,-1.723276980303
"LPC(O-22:1)",FALSE,TRUE,FALSE,-3.14450413704178,0.238587406292109
"LPC(O-24:0)",TRUE,TRUE,TRUE,-3.67470454583025,-2.03386163912022
"LPC(O-24:1)",FALSE,TRUE,FALSE,-4.28744462835415,-1.29531940827869
"LPC(O-24:2)",FALSE,TRUE,FALSE,-5.54804652501302,0.97228783079085
"LPE(16:0)",TRUE,FALSE,FALSE,2.11493633659511,-2.33823452208985
"LPE(16:1)",TRUE,TRUE,TRUE,-2.48635798290062,-2.54138604406227
"LPE(17:0)",FALSE,FALSE,FALSE,-1.09758700704952,-1.67360819572354
"LPE(18:0)",FALSE,FALSE,FALSE,0.817510497971117,-1.86142185375231
"LPE(18:1)",TRUE,TRUE,TRUE,-3.39695744891091,-11.3530885303615
"LPE(18:2)",TRUE,TRUE,TRUE,-4.60198659877397,-2.62244178558378
"LPE(18:3)",TRUE,TRUE,TRUE,-6.29560449838684,-3.89850223900332
"LPE(20:0)",FALSE,TRUE,FALSE,-7.33676014759813,-0.491874663872176
"LPE(20:1)",FALSE,TRUE,FALSE,-3.63841988944315,-1.57634579300289
"LPE(20:2)",FALSE,TRUE,FALSE,-3.18833478257497,-1.30804053645434
"LPE(20:3)",TRUE,TRUE,TRUE,-3.63858541878995,-6.15060729670852
"LPE(20:4)",TRUE,FALSE,FALSE,-0.603045268204754,-2.35794418740147
"LPE(20:5)",TRUE,TRUE,TRUE,-3.35881132754623,-2.99917082769125
"LPE(22:4)",FALSE,FALSE,FALSE,-0.700291185251406,-0.8920441272674
"LPE(22:5)",TRUE,FALSE,FALSE,1.41342767657359,-2.34007125020261
"LPE(22:6)",TRUE,FALSE,FALSE,1.4222192622855,-2.70369530649271
"LPE(O-16:1)",FALSE,TRUE,FALSE,-5.66616772615901,0.793651272981063
"LPE(O-18:0)",FALSE,FALSE,FALSE,0.251067480394374,-1.5037681869157
"LPE(O-18:1)",FALSE,TRUE,FALSE,-9.19372763335344,-0.496744331930397
"LPE(O-20:0)",FALSE,TRUE,FALSE,7.78713546068051,-1.0348859786129
"LPE(O-20:1)",FALSE,TRUE,FALSE,-9.06368589861983,-0.362957516559646
"LPE(O-22:1)",FALSE,TRUE,FALSE,-9.12152832270007,-0.579721266055055
"LPI(16:0)",FALSE,TRUE,FALSE,-4.60526131217787,1.08898583647568
"LPI(18:0)",TRUE,TRUE,TRUE,-4.66663344176174,-2.28296180511679
"LPS(18:0)",TRUE,TRUE,FALSE,-5.76452857112077,2.18323913242118
"LPS(20:4)",FALSE,TRUE,FALSE,-4.65805969052155,-0.0437005874799707
"PC(30:0)",FALSE,TRUE,FALSE,-4.52432172774821,-0.512010563680362
"PC(31:0)",FALSE,TRUE,FALSE,-2.69847042704329,-1.70261586280826
"PC(32:0)",TRUE,TRUE,FALSE,6.77641410596886,-2.76529998884968
"PC(32:1)",TRUE,FALSE,FALSE,1.41762559183242,-2.4498537076225
"PC(32:2)",TRUE,TRUE,TRUE,-8.68390983312769,-2.13998525613725
"PC(33:0)",TRUE,TRUE,TRUE,-4.60197276333823,-2.63459412819185
"PC(33:1)",FALSE,FALSE,FALSE,-1.20861342199303,-1.49427543967408
"PC(33:2)",FALSE,TRUE,FALSE,-5.10596515015219,-1.14385566234297
"PC(34:0)",TRUE,TRUE,TRUE,-5.3340608298965,-5.28109622061544
"PC(34:1)",TRUE,TRUE,TRUE,4.82660768598943,2.58121650957806
"PC(34:2)",FALSE,FALSE,FALSE,-1.69071096298784,-1.7701194482723
"PC(34:3)",FALSE,TRUE,FALSE,-5.07509146472288,-1.33539242507627
"PC(34:4)",TRUE,TRUE,TRUE,-10.4434980457147,-2.85712661616558
"PC(35:1)",TRUE,FALSE,FALSE,-0.373269122626135,-2.42071391722694
"PC(35:2)",FALSE,TRUE,FALSE,-5.8726836290324,-1.90597534120368
"PC(35:3)",FALSE,TRUE,FALSE,-9.8220844833822,1.59698185258004
"PC(35:4)",TRUE,TRUE,TRUE,-6.39875596554555,-2.02088363547586
"PC(36:0)",TRUE,TRUE,TRUE,-9.14376804077934,-3.48527109258692
"PC(36:1)",TRUE,FALSE,FALSE,-0.302653279002081,-4.95035115722897
"PC(36:2)",TRUE,TRUE,TRUE,-4.76463017837452,-3.91410386809939
"PC(36:3)",TRUE,TRUE,TRUE,-8.27273018315876,-2.75986475329312
"PC(36:4)",TRUE,FALSE,FALSE,-1.51556132289021,-3.08865876623621
"PC(36:5)",TRUE,TRUE,TRUE,-3.56768116467313,-5.02815454657885
"PC(36:6)",TRUE,TRUE,TRUE,-8.24650222426287,-3.11549962212432
"PC(37:1)",TRUE,TRUE,TRUE,-4.08464173664949,-2.7391796349111
"PC(37:2)",TRUE,TRUE,TRUE,-8.33575143921475,-2.02211173038924
"PC(37:3)",FALSE,TRUE,FALSE,-8.8426424008802,-1.18094379163669
"PC(37:4)",TRUE,TRUE,TRUE,-4.59541642802805,-2.16509984538857
"PC(37:5)",TRUE,TRUE,TRUE,-5.87937062169544,-2.7390404768097
"PC(37:6)",FALSE,TRUE,FALSE,-5.97114048853061,-1.83415948790764
"PC(38:2)",TRUE,TRUE,TRUE,-7.29565684468966,-4.05244742578566
"PC(38:3)",TRUE,TRUE,TRUE,-9.06523255426028,-3.89680551409444
"PC(38:4)",TRUE,FALSE,FALSE,-0.997710267434362,-3.42359012508359
"PC(38:5)",TRUE,TRUE,TRUE,-4.72823702952721,-3.25144178770051
"PC(38:6)",TRUE,TRUE,TRUE,-2.90681948583854,-3.08973401672239
"PC(38:7)",TRUE,TRUE,TRUE,-8.20255011875201,-3.13736874873964
"PC(39:3)",FALSE,TRUE,FALSE,-9.47450250724155,-0.795249803320063
"PC(39:4)",TRUE,TRUE,TRUE,-6.92214500633894,-1.95013212468458
"PC(39:5)",TRUE,TRUE,TRUE,-7.13584124300303,-2.51814167170925
"PC(39:6)",TRUE,TRUE,TRUE,-3.80771389405838,-2.57170053846911
"PC(39:7)",TRUE,FALSE,FALSE,-0.293764483657375,-2.73459911837707
"PC(40:0)",TRUE,TRUE,TRUE,-5.5742946696918,-3.1317584584998
"PC(40:1)",TRUE,TRUE,TRUE,-4.45610111820084,-4.1659336901678
"PC(40:2)",TRUE,TRUE,TRUE,-5.50520911098051,-2.60898927785799
"PC(40:3)",TRUE,TRUE,TRUE,-5.46023156373573,-2.24467425135529
"PC(40:4)",TRUE,TRUE,TRUE,-4.59589355249938,-2.76541579216744
"PC(40:5)",TRUE,TRUE,TRUE,-3.6946232647331,-4.37586882196706
"PC(40:6)",TRUE,FALSE,FALSE,-0.495241619598359,-4.54437895824417
"PC(40:7)",TRUE,TRUE,TRUE,-4.16681121144861,-3.26147703221046
"PC(40:8)",FALSE,TRUE,FALSE,-13.1939297017481,0.348079239635931
"PC(41:2)",FALSE,TRUE,FALSE,-7.99924851048896,-1.18145133106094
"PC(41:6)",TRUE,TRUE,TRUE,-4.74296303681159,-2.07584370218491
"PC(41:7)",FALSE,FALSE,FALSE,-1.04522010103522,-1.21425324478867
"PC(42:1)",TRUE,TRUE,TRUE,-4.51128621696683,-2.09589823557773
"PC(42:10)",TRUE,TRUE,TRUE,-10.6084361517148,-1.97629124505118
"PC(42:2)",TRUE,TRUE,TRUE,-5.84477688426467,-2.59169035985348
"PC(42:3)",FALSE,TRUE,FALSE,-5.94675557093146,-1.23008970582444
"PC(42:4)",TRUE,FALSE,FALSE,-1.68266619073291,-2.64064415534044
"PC(42:5)",TRUE,TRUE,TRUE,-5.21142488486829,-4.10327181079948
"PC(42:6)",TRUE,TRUE,TRUE,-6.15651435362929,-2.64012364208333
"PC(42:7)",FALSE,TRUE,FALSE,-2.4186710414895,-1.63435555277133
"PC(42:8)",FALSE,TRUE,FALSE,-9.88061291818615,0.131579162001299
"PC(42:9)",FALSE,TRUE,FALSE,-11.6080407282732,1.21030814544502
"PC(44:12)",FALSE,TRUE,FALSE,-7.78361843068025,1.59986303125577
"PC(44:4)",TRUE,TRUE,TRUE,-8.10025230694451,-2.42600602327835
"PC(44:5)",TRUE,TRUE,TRUE,-4.57803210337273,-1.90759848418502
"PC(O-31:0)",FALSE,TRUE,FALSE,-2.560954743739,0.539668546741421
"PC(O-32:0)",TRUE,TRUE,FALSE,3.209861963301,-1.91128932055428
"PC(O-32:1)",TRUE,TRUE,TRUE,-3.97037957029944,-1.89551573365455
"PC(O-32:3)",FALSE,TRUE,FALSE,-7.64521778572489,-1.51394414730413
"PC(O-33:1)",FALSE,FALSE,FALSE,1.29765266426613,0.737761801291207
"PC(O-33:2)",FALSE,TRUE,FALSE,-7.11181432916974,-0.343376515396081
"PC(O-34:0)",TRUE,TRUE,TRUE,-2.29189541317156,-2.0718131766215
"PC(O-34:2)",FALSE,TRUE,FALSE,-6.80215075418574,-0.587062011064983
"PC(O-34:3)",FALSE,TRUE,FALSE,-9.21088522597906,-1.59530458608632
"PC(O-34:4)",FALSE,TRUE,FALSE,-8.74838965360687,-0.570606460559419
"PC(O-36:0)",TRUE,TRUE,TRUE,-7.75226547469252,-2.08908896658666
"PC(O-36:1)",TRUE,TRUE,FALSE,2.45393258153582,-2.43470931873424
"PC(O-36:2)",TRUE,FALSE,FALSE,-0.197142739200478,-2.05843006777818
"PC(O-36:3)",FALSE,TRUE,FALSE,-4.77330970406681,1.67322663842038
"PC(O-36:4)",FALSE,TRUE,FALSE,-7.05732923862458,-0.923818060502266
"PC(O-36:5)",FALSE,TRUE,FALSE,-4.33749695094912,-0.92483859958169
"PC(O-38:0)",TRUE,TRUE,TRUE,-6.28053614642368,-2.20534111815733
"PC(O-38:1)",TRUE,TRUE,TRUE,-2.20488588674708,-2.67659011823831
"PC(O-38:2)",TRUE,FALSE,FALSE,-0.453128861435598,-2.50726162905156
"PC(O-38:3)",TRUE,TRUE,TRUE,-4.83590842609961,-1.85074118521749
"PC(O-38:4)",FALSE,TRUE,FALSE,-2.95339121235648,-1.61931190489553
"PC(O-38:5)",FALSE,TRUE,FALSE,-4.12282486340658,-0.560882943670196
"PC(O-38:6)",FALSE,TRUE,FALSE,-5.80865261647491,-0.838746036035786
"PC(O-38:7)",FALSE,TRUE,FALSE,-3.57229946806232,-1.50389354988353
"PC(O-40:1)",TRUE,TRUE,TRUE,-2.15329048194053,-2.75671861532296
"PC(O-40:2)",TRUE,TRUE,TRUE,-2.53020551624851,-2.43104981657579
"PC(O-40:3)",FALSE,TRUE,FALSE,-2.8015636208525,-1.71846267129711
"PC(O-40:4)",TRUE,FALSE,FALSE,-1.93966175962731,-2.16035934461899
"PC(O-40:5)",FALSE,FALSE,FALSE,-1.08533193697201,-1.85024754887586
"PC(O-40:6)",TRUE,TRUE,TRUE,-3.73790873886585,-1.86677657385362
"PC(O-40:8)",FALSE,TRUE,FALSE,-4.07585222292046,-1.27254180264624
"PC(O-41:3)",TRUE,FALSE,FALSE,-0.284473068900614,-2.36071514201598
"PC(O-41:4)",TRUE,TRUE,TRUE,-2.68637719994283,-2.20791397914487
"PC(O-42:1)",TRUE,TRUE,TRUE,-2.85664261667195,-2.52148015652352
"PC(O-42:2)",TRUE,TRUE,TRUE,-3.64507313266067,-2.07781938966349
"PC(O-42:3)",TRUE,TRUE,TRUE,-4.70276009797018,-1.84386838873853
"PC(O-42:4)",TRUE,TRUE,TRUE,-4.39872869601067,-2.25115285655482
"PC(O-42:5)",TRUE,FALSE,FALSE,-1.1449583915625,-1.82648738209911
"PC(O-42:6)",FALSE,TRUE,FALSE,-3.67324894143137,-1.81622856742004
"PC(O-42:7)",TRUE,FALSE,FALSE,-2.06893492968122,-2.23036999528554
"PC(O-43:5)",TRUE,FALSE,FALSE,-1.91366800060826,-1.90653328650942
"PC(O-44:4)",TRUE,TRUE,TRUE,-4.07982033803304,-2.34224293765382
"PC(O-44:5)",TRUE,TRUE,TRUE,-2.70253403177036,-1.82143651549775
"PC(O-44:6)",FALSE,TRUE,FALSE,-4.41067545144899,-0.992715512416462
"PC(O-44:7)",TRUE,FALSE,FALSE,-1.41835713932348,-2.21212790242678
"PC(O-44:8)",TRUE,FALSE,FALSE,-1.96758035636194,-1.88911376927459
"PE(32:0)",FALSE,TRUE,FALSE,3.21108047415931,-0.970143598372741
"PE(32:1)",TRUE,TRUE,FALSE,5.08483950219295,-3.16477796867312
"PE(34:0)",TRUE,FALSE,FALSE,-0.377102458048685,-2.58329872429613
"PE(34:1)",TRUE,TRUE,FALSE,9.04073232924297,-3.37790665137751
"PE(34:2)",FALSE,TRUE,FALSE,5.29013657394378,-0.96489909678375
"PE(34:3)",TRUE,FALSE,FALSE,1.84198868298739,-2.60821187690982
"PE(35:2)",TRUE,FALSE,FALSE,0.188734241002373,-1.94893059305746
"PE(36:1)",TRUE,TRUE,FALSE,3.83705929420689,-2.73832867322087
"PE(36:2)",FALSE,FALSE,FALSE,0.442043237598717,-1.96069513028783
"PE(36:3)",FALSE,FALSE,FALSE,-1.24253909130976,-0.740763767614224
"PE(36:4)",FALSE,TRUE,FALSE,6.09796356508887,-1.29846746597279
"PE(36:5)",FALSE,FALSE,FALSE,-0.049488058787036,0.418959831609094
"PE(37:2)",FALSE,TRUE,FALSE,2.39843820590031,-0.499077446369327
"PE(37:4)",FALSE,FALSE,FALSE,1.88284032643589,-1.59515557747104
"PE(37:6)",FALSE,TRUE,FALSE,-5.36895351279965,-1.65839253236662
"PE(38:1)",FALSE,TRUE,FALSE,-2.98104576944103,-1.63319916819655
"PE(38:3)",FALSE,FALSE,FALSE,0.426327260638534,-1.69669417667348
"PE(38:4)",FALSE,TRUE,FALSE,3.86889622515961,-0.986957483473499
"PE(38:5)",FALSE,FALSE,FALSE,0.81548576761927,1.61185785154878
"PE(38:6)",TRUE,TRUE,FALSE,7.61718731936149,-2.27500234104076
"PE(38:7)",FALSE,TRUE,FALSE,6.70928880279457,-1.34776069758282
"PE(39:4)",FALSE,FALSE,FALSE,1.43228386544473,-0.199808514852035
"PE(39:6)",FALSE,FALSE,FALSE,1.0335995365394,-1.29021009151211
"PE(40:4)",FALSE,TRUE,FALSE,-3.94984961158878,-0.909149580399891
"PE(40:5)",FALSE,TRUE,FALSE,2.58118104356151,-1.23070180382283
"PE(40:6)",TRUE,TRUE,FALSE,6.51660547560193,-2.24082848662009
"PE(40:7)",FALSE,TRUE,FALSE,3.66803776942988,-1.75941465545567
"PE(40:8)",TRUE,TRUE,FALSE,-2.40555730054376,3.70932565134148
"PE(42:10)",TRUE,TRUE,FALSE,-4.67366331888377,2.04244537295062
"PE(42:7)",FALSE,FALSE,FALSE,-0.647010483246333,-1.21441746246943
"PE(O-34:0)",TRUE,TRUE,TRUE,-6.11825236405927,-3.13394205767216
"PE(O-34:1)",TRUE,TRUE,TRUE,-5.84701446586842,-3.54492342153912
"PE(O-34:2)",FALSE,TRUE,FALSE,-8.07246325951454,-1.80440229375349
"PE(O-34:3)",TRUE,TRUE,TRUE,-11.385718559127,-2.69460417351751
"PE(O-34:4)",FALSE,TRUE,FALSE,-10.7113917869831,-1.60626877807458
"PE(O-34:5)",TRUE,TRUE,TRUE,-8.27335583084725,-2.76778872881275
"PE(O-35:5)",FALSE,TRUE,FALSE,-8.01375894564103,-1.64614468440513
"PE(O-36:1)",TRUE,TRUE,FALSE,5.10683793979188,-3.34420023963615
"PE(O-36:2)",TRUE,TRUE,TRUE,-3.83750073450633,-2.72680173120969
"PE(O-36:3)",TRUE,TRUE,TRUE,-10.2224542976642,-2.54226317402108
"PE(O-36:5)",TRUE,TRUE,TRUE,-13.2556747201218,-2.49473416588906
"PE(O-36:6)",TRUE,TRUE,TRUE,-4.44134921385807,-3.32999483497163
"PE(O-36:7)",TRUE,TRUE,TRUE,-4.4388569684881,-2.62061809093011
"PE(O-37:2)",TRUE,FALSE,FALSE,-1.89168876006173,-2.32687988679317
"PE(O-37:5)",TRUE,TRUE,TRUE,-11.3781494702963,-2.22392199376726
"PE(O-37:6)",FALSE,TRUE,FALSE,-5.10236046830133,-1.17384561382175
"PE(O-37:7)",TRUE,TRUE,TRUE,-7.17148048802864,-2.2949710354013
"PE(O-38:1)",TRUE,FALSE,FALSE,1.91515421027089,-3.21392712382853
"PE(O-38:2)",TRUE,TRUE,TRUE,-6.78962308939915,-2.66028725826615
"PE(O-38:3)",TRUE,TRUE,TRUE,-8.74564636738865,-2.43077379569539
"PE(O-38:4)",TRUE,TRUE,TRUE,-11.4111338717419,-2.95661682217402
"PE(O-38:5)",TRUE,TRUE,TRUE,-14.2832043109806,-2.21023475256218
"PE(O-38:6)",TRUE,TRUE,TRUE,-11.1460239721617,-2.676023628461
"PE(O-38:7)",TRUE,TRUE,TRUE,-5.47797630767005,-2.15034229666707
"PE(O-39:2)",TRUE,TRUE,FALSE,4.31429170948556,-1.88008824143796
"PE(O-39:4)",TRUE,FALSE,FALSE,-2.04986698140887,-2.36695849060969
"PE(O-39:5)",TRUE,TRUE,TRUE,-10.7287135097653,-1.99769730239165
"PE(O-39:6)",FALSE,TRUE,FALSE,-8.65398747997978,-0.605721400341578
"PE(O-39:7)",TRUE,TRUE,TRUE,-5.07601532334345,-2.16941292214448
"PE(O-40:2)",TRUE,TRUE,TRUE,-4.37581094975424,-2.24516074322051
"PE(O-40:3)",TRUE,TRUE,TRUE,-4.37344856251538,-1.97778906655376
"PE(O-40:4)",TRUE,FALSE,FALSE,-1.45793492942506,-2.49935849788479
"PE(O-40:5)",TRUE,TRUE,TRUE,-9.66972727382785,-2.17343393077365
"PE(O-40:6)",TRUE,TRUE,TRUE,-9.37863236169609,-2.28751351265688
"PE(O-40:7)",TRUE,TRUE,TRUE,-6.86752941515227,-2.42489043536764
"PE(O-40:8)",FALSE,TRUE,FALSE,-5.20844655192162,-1.8230640782098
"PE(O-41:4)",TRUE,FALSE,FALSE,-0.320351305166792,-2.06332160452472
"PE(O-41:6)",FALSE,TRUE,FALSE,7.52530897490453,-1.84573221311321
"PE(O-41:7)",TRUE,TRUE,TRUE,-5.04922177591622,-2.14342066404723
"PE(O-42:2)",TRUE,FALSE,FALSE,-2.0526102125858,-2.30583057180763
"PE(O-42:3)",FALSE,TRUE,FALSE,-3.12637626622588,-1.69927677218751
"PE(O-42:4)",TRUE,TRUE,TRUE,-3.00454248696135,-2.27768564378106
"PE(O-42:5)",TRUE,TRUE,TRUE,-7.96583354488728,-2.32974970492247
"PE(O-42:6)",TRUE,TRUE,TRUE,-5.92010651883475,-2.25360292210108
"PE(O-42:7)",TRUE,TRUE,TRUE,-4.07949857696627,-2.44309280248615
"PE(O-42:8)",TRUE,FALSE,FALSE,-1.74752000257265,-2.08213461037995
"PE(O-44:4)",TRUE,TRUE,TRUE,-4.29773798513185,-1.99548098891147
"PE(O-44:5)",TRUE,TRUE,TRUE,-7.06932639486075,-1.92086037496907
"PE(O-44:7)",TRUE,TRUE,TRUE,-3.18768656164775,-2.49396518166593
"PE(O-44:8)",TRUE,FALSE,FALSE,1.33714418404079,-2.02971583547938
"PE(O-46:7)",FALSE,TRUE,FALSE,-3.21602413809471,-1.23222595821153
"PE(O-46:8)",TRUE,FALSE,FALSE,0.341153638874371,-1.99405844628145
"PG(34:2)",FALSE,FALSE,FALSE,-2.0823222872547,0.189727931419793
"PG(36:1)",TRUE,FALSE,FALSE,0.54562847026925,-2.54043509823456
"PG(36:2)",FALSE,FALSE,FALSE,0.780982959352934,-1.40443937757257
"PG(36:4)",FALSE,FALSE,FALSE,-1.42617687177762,0.309152905723613
"PG(38:4)",FALSE,TRUE,FALSE,-3.20180901066402,-0.559934054955934
"PI(32:0)",TRUE,TRUE,TRUE,-6.19007668927474,-2.89407447884635
"PI(34:0)",FALSE,TRUE,FALSE,-6.82948331637095,-1.00651217108025
"PI(34:1)",FALSE,TRUE,FALSE,-5.23371367902152,-1.30706552188664
"PI(34:2)",FALSE,TRUE,FALSE,-4.96921585578365,-0.575935616557353
"PI(34:3)",FALSE,TRUE,FALSE,-3.67652638666577,-0.88786621468619
"PI(35:2)",FALSE,TRUE,FALSE,-5.55192233961648,-1.35209783649832
"PI(36:1)",TRUE,TRUE,TRUE,-6.53648002586751,-3.80432783377655
"PI(36:2)",TRUE,TRUE,TRUE,-4.80583788142997,-2.21824343107713
"PI(36:3)",FALSE,TRUE,FALSE,-7.36492303568769,-0.925496987081762
"PI(36:4)",FALSE,TRUE,FALSE,-7.08485601119427,0.842964806976589
"PI(36:5)",FALSE,TRUE,FALSE,-5.60532961132838,1.33493164801502
"PI(37:4)",FALSE,TRUE,FALSE,-8.48749348399935,-0.125359536098938
"PI(38:2)",TRUE,TRUE,TRUE,-5.46019935997347,-4.09163312358685
"PI(38:3)",TRUE,TRUE,TRUE,-7.9939435242917,-2.6075204991486
"PI(38:4)",TRUE,TRUE,TRUE,-8.95890623347853,-3.61644034502863
"PI(38:5)",TRUE,TRUE,FALSE,-7.54640515124528,2.4103866385656
"PI(38:6)",FALSE,TRUE,FALSE,-5.44937353733004,-0.556821036481467
"PI(38:7)",TRUE,TRUE,FALSE,-8.96176833624114,3.32151168485174
"PI(40:4)",TRUE,TRUE,TRUE,-6.29922677023766,-2.73167202133011
"PI(40:5)",TRUE,TRUE,TRUE,-6.26072222366227,-2.26179811262877
"PI(40:6)",TRUE,TRUE,TRUE,-4.55541759117855,-2.14339204425559
"PI(40:7)",FALSE,TRUE,FALSE,-6.71287270594302,1.2174947294625
"PI(40:8)",TRUE,TRUE,FALSE,-7.37712076260149,2.66119090049214
"PS(36:1)",FALSE,TRUE,FALSE,4.19823081568667,0.49490773763454
"PS(36:2)",FALSE,TRUE,FALSE,-4.65459441591231,1.35627420107079
"PS(38:4)",FALSE,TRUE,FALSE,-7.31832739906257,0.927680822347465
"PS(38:5)",FALSE,TRUE,FALSE,-6.08306601688268,0.974691288816905
"PS(38:6)",FALSE,TRUE,FALSE,2.35273345187542,0.919827214609648
"PS(40:5)",FALSE,TRUE,FALSE,2.56365420225421,1.28358620006387
"PS(40:6)",FALSE,TRUE,FALSE,-3.23123443716744,0.735736520849394
"SM(28:1;O2)",TRUE,TRUE,TRUE,-3.06667426206432,-3.23639628060214
"SM(30:1;O2)",TRUE,FALSE,FALSE,1.51998205971976,-2.59984173033756
"SM(31:1;O2)",TRUE,TRUE,TRUE,-9.32935222076993,-3.41963808231516
"SM(32:1;O2)",TRUE,TRUE,TRUE,-6.74362955093338,-3.42931813030132
"SM(32:1;O3)",TRUE,TRUE,TRUE,-4.51975784874408,-2.46856428602342
"SM(32:2;O2)",TRUE,TRUE,TRUE,-9.31192578215789,-7.63515818003582
"SM(33:1;O2)",TRUE,TRUE,TRUE,-5.96899669174999,-3.7761153858297
"SM(33:1;O3)",TRUE,TRUE,TRUE,-4.22567008693318,-2.20980902356454
"SM(34:0;O2)",FALSE,TRUE,FALSE,-3.3547609506292,-1.80255618716421
"SM(34:1;O2)",TRUE,FALSE,FALSE,-1.94521907344384,-2.8281417325084
"SM(34:1;O3)",TRUE,FALSE,FALSE,0.0970166288954367,-1.94297844952137
"SM(34:2;O2)",TRUE,TRUE,TRUE,-4.63517386014496,-3.03882813991636
"SM(34:2;O3)",TRUE,FALSE,FALSE,-0.806127489029252,-2.00682475669165
"SM(35:1;O2)",TRUE,TRUE,TRUE,-2.73911940535578,-3.34761246070164
"SM(35:2;O2)",TRUE,TRUE,TRUE,-5.05519422725914,-2.70556267805018
"SM(36:0;O2)",FALSE,FALSE,FALSE,-1.05951405313863,-1.79705772048883
"SM(36:1;O2)",TRUE,TRUE,FALSE,3.00533524059536,-2.74888032285597
"SM(36:1;O3)",TRUE,TRUE,FALSE,3.42468964040938,-2.55793795948831
"SM(36:2;O2)",TRUE,FALSE,FALSE,0.790922432211374,-2.07221716893544
"SM(36:3;O2)",TRUE,TRUE,TRUE,-2.38493321513873,-2.04182238426972
"SM(36:4;O2)",TRUE,TRUE,TRUE,-5.73452966338689,-2.16049371666135
"SM(37:1;O2)",TRUE,TRUE,TRUE,-5.30356804676612,-2.67149751347319
"SM(38:0;O2)",TRUE,TRUE,TRUE,-8.49698120660796,-2.07776126900002
"SM(38:1;O2)",TRUE,TRUE,TRUE,-7.50429748498315,-3.24285951085803
"SM(38:2;O2)",TRUE,TRUE,TRUE,-5.51344091582466,-2.30900865862847
"SM(38:3;O2)",FALSE,TRUE,FALSE,3.75697123372006,-0.938450877817157
"SM(38:4;O2)",FALSE,TRUE,FALSE,4.67179499408221,-1.11161257087748
"SM(39:1;O2)",TRUE,TRUE,TRUE,-10.1952946493228,-3.26124901794387
"SM(39:2;O2)",TRUE,TRUE,TRUE,-6.5667523386312,-3.60369274754801
"SM(40:0;O2)",TRUE,TRUE,TRUE,-8.52172725704665,-2.35343820404709
"SM(40:1;O2)",TRUE,TRUE,TRUE,-8.8442693560472,-4.03593983380018
"SM(40:2;O2)",TRUE,TRUE,TRUE,-7.26975480505592,-4.43347662693361
"SM(40:4;O2)",FALSE,TRUE,FALSE,3.18462502482624,-1.07210864772165
"SM(40:7;O2)",FALSE,FALSE,FALSE,-0.613847714350718,0.2909399788977
"SM(41:0;O2)",TRUE,TRUE,TRUE,-7.96320076616682,-2.60958456926784
"SM(41:1;O2)",TRUE,TRUE,TRUE,-8.98420374469794,-3.75820860502077
"SM(41:2;O2)",TRUE,TRUE,TRUE,-8.6003080236784,-3.27672776051909
"SM(41:3;O2)",TRUE,TRUE,TRUE,-3.50900707953251,-2.88346275532139
"SM(42:0;O2)",TRUE,TRUE,TRUE,-5.01996230723582,-2.34438079422654
"SM(42:0;O3)",TRUE,TRUE,TRUE,-3.88133500475335,-3.43597651977756
"SM(42:1;O2)",TRUE,TRUE,TRUE,-7.93055993998484,-3.78927689892881
"SM(42:2;O2)",TRUE,TRUE,TRUE,-2.95967510988895,-3.39579026663524
"SM(42:2;O3)",FALSE,FALSE,FALSE,-0.759994148632527,-1.38082275542348
"SM(42:3;O2)",TRUE,FALSE,FALSE,-1.58046969832531,-2.96146605452632
"SM(42:3;O3)",FALSE,FALSE,FALSE,2.08666303761352,-1.21780874999931
"SM(42:4;O2)",FALSE,FALSE,FALSE,1.36895051551854,-1.49588577719134
"SM(42:5;O2)",FALSE,TRUE,FALSE,4.11443374465564,-1.16848789222416
"SM(42:6;O2)",FALSE,FALSE,FALSE,-0.319990600325936,-0.8071774939201
"SM(42:7;O2)",FALSE,FALSE,FALSE,-1.82674013797006,-0.797982341843857
"SM(43:1;O2)",TRUE,TRUE,TRUE,-7.72525084416319,-3.12635722197186
"SM(43:2;O2)",TRUE,TRUE,TRUE,-5.59838514313446,-3.30094831071597
"SM(43:3;O2)",TRUE,TRUE,TRUE,-5.62335790299505,-3.10744643729016
"SM(44:2;O2)",TRUE,TRUE,TRUE,-4.41637181414445,-2.5062358400233
"SM(44:3;O2)",TRUE,FALSE,FALSE,-2.06396827192777,-2.68082503609088
"SM(44:5;O2)",TRUE,FALSE,FALSE,0.355765904462648,-1.86647538881902
"ST(18:1)",FALSE,TRUE,FALSE,-6.38383086455377,-0.529716771193204
"ST(18:2)",TRUE,TRUE,TRUE,-7.16805165868102,-3.94635523475104
"ST(18:3)",FALSE,TRUE,FALSE,-8.38311178195681,-1.72062520199738
"ST(20:4)",TRUE,TRUE,TRUE,-3.31061082301622,-4.24081041539837
"ST(22:5)",FALSE,FALSE,FALSE,-0.60177774335363,-0.818562535695675
"ST(22:6)",TRUE,TRUE,TRUE,-2.51886811130781,-3.36181232849088
"ST(27:0)",FALSE,FALSE,FALSE,2.02185640514255,-1.17837243535866
"ST(27:1)",TRUE,TRUE,TRUE,-2.30902189737289,-2.74506218515857
"ST(28:1)",FALSE,FALSE,FALSE,-1.25046507598461,-1.3055847050725
"ST(28:2)",FALSE,TRUE,FALSE,-3.16996136511206,-1.03516025265168
"ST(29:1)",FALSE,FALSE,FALSE,0.0301594240993917,-0.869556643816761
"ST(29:2)",FALSE,FALSE,FALSE,1.44122183979609,-0.888944615824951
"TG(42:0)",FALSE,FALSE,FALSE,0.589995837887841,1.03997162524284
"TG(45:0)",FALSE,TRUE,FALSE,-3.61684415084823,0.0282474754628221
"TG(46:0)",FALSE,TRUE,FALSE,-4.15801839196777,-0.163353596983598
"TG(46:1)",FALSE,TRUE,FALSE,-4.99038316505321,0.458312496315586
"TG(46:2)",FALSE,TRUE,FALSE,-4.25776349211338,-1.05352729953679
"TG(47:0)",FALSE,TRUE,FALSE,-3.47490512737329,0.433059681877477
"TG(47:1)",FALSE,TRUE,FALSE,-4.48852262055598,0.309030790223807
"TG(47:2)",FALSE,TRUE,FALSE,-5.31441300182821,-0.255615789772221
"TG(48:1)",FALSE,TRUE,FALSE,-4.29535972835335,-0.705791013148747
"TG(48:2)",FALSE,TRUE,FALSE,-5.53110087473029,-1.48479920139428
"TG(48:3)",FALSE,TRUE,FALSE,-6.16907851775861,-1.65046229335583
"TG(48:6)",FALSE,TRUE,FALSE,-2.37972302116701,-1.75620703656015
"TG(49:1)",FALSE,TRUE,FALSE,-4.13519699269905,-0.13080802968066
"TG(49:2)",FALSE,TRUE,FALSE,-4.93791341242999,-0.710825185540481
"TG(49:3)",FALSE,TRUE,FALSE,-5.45519006768855,-1.0304191995687
"TG(49:4)",FALSE,TRUE,FALSE,-5.30493559892275,-1.43878128530025
"TG(50:0)",FALSE,FALSE,FALSE,-0.437557821716504,0.84549054222951
"TG(50:1)",FALSE,FALSE,FALSE,-0.932787378115605,-1.51523278287097
"TG(50:2)",FALSE,FALSE,FALSE,-1.72794120471982,-1.60515571982133
"TG(50:3)",TRUE,TRUE,TRUE,-3.97539241991545,-2.3064300130037
"TG(50:4)",TRUE,TRUE,TRUE,-6.09956678803042,-2.65360388817897
"TG(50:5)",TRUE,TRUE,TRUE,-6.87017953899971,-3.21242929168593
"TG(51:0)",FALSE,TRUE,FALSE,-2.75880823207287,0.692357243227071
"TG(51:1)",FALSE,FALSE,FALSE,-2.17778265040389,-0.90531595272859
"TG(51:2)",FALSE,TRUE,FALSE,-4.43978757752965,-1.09562216311219
"TG(51:3)",TRUE,TRUE,TRUE,-4.42990589771507,-2.02046078938227
"TG(51:4)",FALSE,TRUE,FALSE,-4.68399366457788,-0.507222783322231
"TG(51:5)",FALSE,TRUE,FALSE,-4.81345761897422,-0.604028064021049
"TG(52:0)",FALSE,FALSE,FALSE,-1.20857162662057,0.905654800054106
"TG(52:1)",FALSE,TRUE,FALSE,2.67648655354661,-1.18976127664707
"TG(52:2)",TRUE,FALSE,FALSE,-1.28055189468397,-4.98336536906244
"TG(52:3)",TRUE,FALSE,FALSE,0.0552741314537584,-3.65330850113291
"TG(52:5)",FALSE,TRUE,FALSE,-3.0792010992363,-1.73284367319875
"TG(52:6)",FALSE,TRUE,FALSE,-6.64808922240623,-1.25985845717015
"TG(52:7)",FALSE,TRUE,FALSE,-5.93809382687159,-1.76598381565392
"TG(52:8)",FALSE,TRUE,FALSE,-4.34323713870638,-1.51243182811895
"TG(52:9)",FALSE,FALSE,FALSE,-2.10751673223997,-1.46564425834233
"TG(53:1)",FALSE,FALSE,FALSE,-1.00138211182832,-0.199680143241125
"TG(53:3)",TRUE,TRUE,TRUE,-4.14053193692435,-2.09476618748416
"TG(53:4)",TRUE,TRUE,TRUE,-3.53617772049112,-2.0969948706288
"TG(53:5)",FALSE,TRUE,FALSE,-5.60769634824465,-0.511961765523402
"TG(53:6)",FALSE,TRUE,FALSE,-4.4513420459598,-0.086353901096947
"TG(54:0)",FALSE,TRUE,FALSE,-3.73277824844574,0.0332468855563803
"TG(54:10)",FALSE,FALSE,FALSE,-0.975703921297851,-1.15462516428643
"TG(54:2)",TRUE,TRUE,FALSE,3.48927698858825,-2.27830180401444
"TG(54:3)",TRUE,TRUE,FALSE,2.57220529749781,-3.30383342340897
"TG(54:4)",TRUE,FALSE,FALSE,1.2684675242478,-3.08764495025756
"TG(54:5)",FALSE,FALSE,FALSE,1.97031973232442,-1.78350811627003
"TG(54:6)",FALSE,TRUE,FALSE,2.48346729864051,-0.524686070173562
"TG(54:7)",FALSE,FALSE,FALSE,0.735354110002667,0.0472431600774706
"TG(54:8)",FALSE,FALSE,FALSE,-2.02413607765908,-1.47735858450144
"TG(54:9)",FALSE,TRUE,FALSE,-3.26054814377402,-1.31570110217842
"TG(55:1)",FALSE,TRUE,FALSE,-3.00165635016476,-0.642802104791735
"TG(55:2)",FALSE,FALSE,FALSE,1.57300920888421,-1.02774863324575
"TG(55:3)",TRUE,TRUE,FALSE,4.05566688696898,-2.28007032631727
"TG(55:4)",TRUE,FALSE,FALSE,-0.158192041612113,-2.45901411149606
"TG(55:8)",FALSE,FALSE,FALSE,-1.88849462148656,1.25807974877866
"TG(56:1)",FALSE,TRUE,FALSE,-3.57990316495011,-1.33801789442771
"TG(56:10)",FALSE,TRUE,FALSE,-2.366307638238,-1.31536637446488
"TG(56:11)",FALSE,FALSE,FALSE,-1.36744704552526,-1.06356804469425
"TG(56:12)",FALSE,FALSE,FALSE,-0.997530309160282,-1.13744015088201
"TG(56:3)",TRUE,TRUE,FALSE,2.20348710277244,-4.99529588297589
"TG(56:4)",TRUE,TRUE,FALSE,4.35372827785451,-5.71745753536491
"TG(56:5)",FALSE,TRUE,FALSE,5.24914238045752,-1.13779925684018
"TG(56:7)",TRUE,FALSE,FALSE,0.96017725333858,-2.0200730395395
"TG(56:8)",FALSE,FALSE,FALSE,1.14115472735378,-0.713262238181443
"TG(56:9)",FALSE,FALSE,FALSE,-2.08054642943201,-1.07458520911838
"TG(57:2)",FALSE,TRUE,FALSE,-2.22729160519194,-1.07090557487774
"TG(57:3)",FALSE,FALSE,FALSE,0.380510511035331,-1.1616738915775
"TG(57:4)",FALSE,FALSE,FALSE,1.39161120352492,-1.03486952817134
"TG(57:7)",FALSE,FALSE,FALSE,-1.29141153581531,-0.306230783955313
"TG(57:9)",FALSE,FALSE,FALSE,-1.0805610609226,-0.68140452359812
"TG(58:0)",FALSE,TRUE,FALSE,-4.61125153204724,-1.41297899668935
"TG(58:1)",FALSE,TRUE,FALSE,-3.72974807931692,-1.4071078289477
"TG(58:10)",FALSE,FALSE,FALSE,0.647435186693379,0.613379228101476
"TG(58:11)",FALSE,FALSE,FALSE,-1.28852935176763,-0.611131674536034
"TG(58:13)",FALSE,FALSE,FALSE,-0.950198587401869,-1.16862485172667
"TG(58:2)",FALSE,FALSE,FALSE,-1.57490626662367,-1.67858986876859
"TG(58:7)",FALSE,FALSE,FALSE,0.3800469975947,-0.615761364684335
"TG(58:8)",FALSE,FALSE,FALSE,1.26912505605752,0.182875166698933
"TG(58:9)",FALSE,FALSE,FALSE,1.42792618534482,-1.13215342107009
"TG(59:11)",FALSE,FALSE,FALSE,-1.01652976003805,-0.991319881640841
"TG(59:3)",FALSE,FALSE,FALSE,-0.801491113287968,-1.18542807534158
"TG(59:5)",FALSE,TRUE,FALSE,2.75439343758,0.0335637587940519
"TG(59:9)",FALSE,FALSE,FALSE,-0.666642367236681,-0.642391640692561
"TG(60:1)",FALSE,TRUE,FALSE,-4.01718081190599,-1.39699890526896
"TG(60:10)",FALSE,FALSE,FALSE,0.194558186942847,1.46056807520448
"TG(60:11)",FALSE,FALSE,FALSE,-0.0991080812086154,-0.0565586894817817
"TG(60:12)",FALSE,FALSE,FALSE,-0.417891211726759,1.17153117334203
"TG(60:13)",FALSE,FALSE,FALSE,-1.0752166136421,-0.239809564910964
"TG(60:3)",FALSE,FALSE,FALSE,-0.746523312436033,-1.81108800229314
"TG(60:5)",FALSE,FALSE,FALSE,1.36998461448671,-1.91639107983178
"TG(60:6)",FALSE,FALSE,FALSE,1.21985016219346,-0.722476309227523
"TG(60:7)",FALSE,FALSE,FALSE,0.69012004032702,-0.552191956025801
"TG(60:8)",FALSE,FALSE,FALSE,-0.773943196480573,-0.220948598215797
"TG(60:9)",FALSE,FALSE,FALSE,-0.350627171019534,0.910960068655845
"TG(61:2)",FALSE,TRUE,FALSE,-9.95160771590806,-1.80026369850901
"TG(61:3)",FALSE,FALSE,FALSE,-1.96379339361829,-1.5510976586753
"TG(62:10)",FALSE,TRUE,FALSE,-3.077009054004,0.428214797058758
"TG(62:12)",TRUE,FALSE,FALSE,-0.397096520525958,2.45844152608948
"TG(62:13)",TRUE,FALSE,FALSE,-0.0372860893491467,3.45063390562524
"TG(62:15)",FALSE,FALSE,FALSE,-1.06901656624643,0.0765690975144621
"TG(62:3)",FALSE,FALSE,FALSE,-2.06118360138305,-1.5396928956835
"TG(62:8)",FALSE,FALSE,FALSE,-0.960974040222721,0.178097289897033
"TG(64:13)",FALSE,FALSE,FALSE,-1.41882882429792,-0.929783802038989
"TG(64:14)",FALSE,FALSE,FALSE,-1.26286176270684,0.814834352362418
"TG(64:15)",FALSE,FALSE,FALSE,-0.995226211510444,0.571270420033212
"TG(64:16)",FALSE,FALSE,FALSE,-0.88927505894666,1.6827447680737
"TG(64:17)",FALSE,FALSE,FALSE,-1.10492377548402,0.143282549317442
"TG(66:3)",FALSE,TRUE,FALSE,-3.3319140553355,-1.73983632659429
"TG(68:3)",FALSE,TRUE,FALSE,-3.18970460901031,-1.9672169686245
"TG(68:4)",TRUE,TRUE,TRUE,-2.41521677620881,-2.178502399754
"TG(70:5)",FALSE,TRUE,FALSE,-2.48519782328797,-1.50665008833642
"TG(O-48:0)",FALSE,TRUE,FALSE,-4.34617780096468,-0.96122218934464
"TG(O-48:1)",FALSE,TRUE,FALSE,-4.9400032860653,-1.77352658375046
"TG(O-48:2)",FALSE,TRUE,FALSE,-2.87993187438776,-0.735976147779686
"TG(O-50:0)",FALSE,TRUE,FALSE,-4.62127660441731,-0.712907779163294
"TG(O-50:1)",FALSE,TRUE,FALSE,-5.88445709848094,-1.53521956191107
"TG(O-50:2)",FALSE,TRUE,FALSE,-4.805996272327,-0.951818551858463
"TG(O-50:3)",FALSE,TRUE,FALSE,-3.28582774626777,-1.006560679565
"TG(O-51:0)",FALSE,TRUE,FALSE,-3.43220924453527,-0.722772468445427
"TG(O-51:1)",FALSE,TRUE,FALSE,4.61196745024785,-1.36681494406678
"TG(O-52:0)",FALSE,TRUE,FALSE,-5.31265375634078,-1.23022005477647
"TG(O-52:1)",FALSE,TRUE,FALSE,-5.77322880604762,-1.70181162215511
"TG(O-52:2)",FALSE,TRUE,FALSE,-5.3942759105236,-1.12392528435069
"TG(O-52:3)",FALSE,TRUE,FALSE,-4.25768153136882,-1.1513261798439
"TG(O-52:4)",FALSE,FALSE,FALSE,-1.61512692587434,-0.976224080569171
"TG(O-53:0)",FALSE,TRUE,FALSE,-4.6613311672881,-0.514125171725959
"TG(O-53:1)",FALSE,TRUE,FALSE,-3.98761166800394,-1.40059911278244
"TG(O-54:1)",FALSE,TRUE,FALSE,-5.25171315106442,-1.67453132235786
"TG(O-54:2)",FALSE,TRUE,FALSE,-5.62758549022342,-1.28507976946466
"TG(O-54:3)",FALSE,TRUE,FALSE,-4.2845832524956,-1.77783597895774
"TG(O-54:4)",FALSE,TRUE,FALSE,-3.29892735471162,-0.896056746762669
"TG(O-55:1)",FALSE,TRUE,FALSE,-5.80267732140261,-1.19443754457336
"TG(O-55:3)",FALSE,TRUE,FALSE,-4.32796863762619,-1.339916414494
"TG(O-56:0)",FALSE,TRUE,FALSE,-6.83963711410019,-0.71290249766037
"TG(O-56:1)",FALSE,TRUE,FALSE,-5.60987889822442,-1.53640505903283
"TG(O-56:2)",FALSE,TRUE,FALSE,-3.79163504197778,-1.4226122442178
"TG(O-56:3)",FALSE,TRUE,FALSE,-3.77739668132761,-1.54598371329742
"TG(O-56:4)",FALSE,TRUE,FALSE,-3.96549958782193,-1.20089787702275
"TG(O-56:6)",FALSE,FALSE,FALSE,-1.34313134615438,-0.147049617764482
"TG(O-56:7)",FALSE,TRUE,FALSE,5.58734950502806,-0.796432461005358
"TG(O-56:8)",FALSE,FALSE,FALSE,1.98627931832027,0.1246334196147
"TG(O-57:2)",FALSE,TRUE,FALSE,-6.76368968470557,-1.25019430328948
"TG(O-57:3)",FALSE,TRUE,FALSE,-3.54617167393143,-1.15536963613234
"TG(O-58:2)",FALSE,TRUE,FALSE,-4.17994299009677,-1.65131760339254
"TG(O-58:3)",FALSE,TRUE,FALSE,-3.17927796240125,-1.38866686623324
"TG(O-58:4)",FALSE,TRUE,FALSE,-2.89652085518464,-1.30914503004333
"TG(O-58:8)",FALSE,TRUE,FALSE,5.19795386941086,0.0407567132281633
"TG(O-59:3)",FALSE,TRUE,FALSE,-6.11889711456254,-1.02640806275454
"TG(O-60:1)",FALSE,TRUE,FALSE,-7.00238045457602,-1.63276408491352
"TG(O-60:2)",FALSE,TRUE,FALSE,-4.97325134993179,-1.56284608551194
"TG(O-60:3)",FALSE,TRUE,FALSE,-3.38551766997774,-1.38886752976897
"TG(O-60:6)",FALSE,TRUE,FALSE,-3.47374295423184,-0.674210049477067
"TG(O-60:8)",FALSE,FALSE,FALSE,0.572536978203181,-0.233309537391134
"TG(O-62:2)",FALSE,TRUE,FALSE,-5.46290161782835,-1.52748309916801
"TG(O-62:3)",FALSE,TRUE,FALSE,-2.40785175007358,-1.49896731069583
"TG(O-62:6)",FALSE,TRUE,FALSE,-2.15948837260671,-0.759557252733649
"TG(O-62:7)",FALSE,FALSE,FALSE,-1.79064078383288,-1.16709368472496
"TG(O-64:8)",FALSE,FALSE,FALSE,-1.64246907432076,-0.9964983871511
