"lipid_name","log_2_foldchange","neg_log10_p_value","lipid_class"
"FA(15:1)",0.71456647885562,0.79317412396815,"non-sig"
"ADGGA(54:6)",0.0540661798460746,0.0428718023231869,"non-sig"
"ASG(28:1)",-1.21073694342232,1.97469413473523,"Other"
"ASG(29:1)",-1.1117693344633,1.83863199776503,"Other"
"ASG(29:2)",-1.16267919405811,1.92811799269387,"Other"
"CAR(10:0)",-0.290870250515351,0.46344155742847,"non-sig"
"CAR(12:0)",-0.727682406017287,1.18375870000822,"non-sig"
"CAR(13:0)",-0.220433703500319,0.378823718224965,"non-sig"
"CAR(13:1)",-0.139546832394764,0.127843727251707,"non-sig"
"CAR(14:0)",-0.396889897008737,0.625251653989896,"non-sig"
"CAR(14:1)",-0.484629396224907,0.782516055786094,"non-sig"
"CAR(15:0)",0.143383937835196,0.258848401148215,"non-sig"
"CAR(16:0)",-0.0395749198187438,0.0634862575211067,"non-sig"
"CAR(16:1)",0.079107796330085,0.087246696328677,"non-sig"
"CAR(16:2)",-0.253981104617935,0.402304814074488,"non-sig"
"CAR(16:3)",-0.156566853464508,0.18111458540599,"non-sig"
"CAR(16:4)",0.0683582148747384,0.0604807473813815,"non-sig"
"CAR(17:0)",-0.476642798381732,0.832682665251824,"non-sig"
"CAR(17:1)",0.046867562344076,0.0644927341752872,"non-sig"
"CAR(18:0)",-1.19434318782899,2.02273378757271,"FA"
"CAR(18:1)",-0.285491282347415,0.596879478824182,"non-sig"
"CAR(18:2)",0.163310913780045,0.354577730650908,"non-sig"
"CAR(18:3)",0.297312165031229,0.542118103266008,"non-sig"
"CAR(18:4)",0.249146435036923,0.294992040666664,"non-sig"
"CAR(20:0)",-1.74851017117433,2.31425826139774,"FA"
"CAR(20:1)",-0.848407132791234,1.59859945921846,"FA"
"CAR(20:2)",0.00834363825629225,0.0123337350737254,"non-sig"
"CAR(20:3)",0.416072031916134,0.614393726401688,"non-sig"
"CAR(20:4)",0.265839310035521,0.411168274405793,"non-sig"
"CAR(20:5)",0.602525350273215,0.94692155651658,"non-sig"
"CAR(22:0)",-2.02548447529385,1.86966623150499,"FA"
"CAR(22:1)",-1.41391322560092,1.49894073778225,"FA"
"CAR(22:4)",0.0520726117806696,0.0520763801682736,"non-sig"
"CAR(22:6)",1.97474559823189,1.62708799702989,"FA"
"CAR(23:0)",-1.65153206457552,1.82390874094432,"FA"
"CAR(24:0)",-1.39014927153394,1.79317412396815,"FA"
"CAR(24:1)",-1.20133550610325,1.07468790850035,"non-sig"
"CAR(26:1)",-1.44041804439236,1.51286162452281,"FA"
"CAR(4:0)",-0.258472348480932,0.160521952625802,"non-sig"
"CAR(5:0)",0.938397543505548,1.56703070912559,"FA"
"CAR(6:0)",-0.610439362611665,0.688246138944246,"non-sig"
"CAR(8:0)",-0.437366147876325,0.730487055782084,"non-sig"
"CE(16:0)",-0.228753535555903,0.614393726401688,"non-sig"
"CE(16:1)",-0.592623689445457,0.696803942579511,"non-sig"
"CE(18:0)",0.563461742660738,0.334419008982047,"non-sig"
"CE(18:1)",-0.129305492277798,0.202732459169284,"non-sig"
"CE(18:2)",-0.2427955145411,2.12033079436795,"ST"
"CE(18:3)",-0.694213799714987,0.863279432843593,"non-sig"
"CE(20:3)",-0.576371848358555,1.17069622716898,"non-sig"
"CE(20:4)",-0.387109136116123,1.88605664769316,"ST"
"CE(20:5)",-1.11726625710788,2.4089353929735,"ST"
"CE(22:5)",-0.245210174788667,0.337242168318426,"non-sig"
"CE(22:6)",-0.596914118921685,1.8153085691824,"ST"
"Cer(32:0)",-3.30039028372524,1.16430942850757,"non-sig"
"Cer(32:1)",-2.23655072965633,1.88272870434424,"CER"
"Cer(33:1)",-1.76301392721343,2.20971483596676,"CER"
"Cer(34:0)",-1.57929527779841,1.46470587995723,"CER"
"Cer(34:1)",-1.9098885049505,1.70114692359029,"CER"
"Cer(34:2)",-1.67114007376874,1.73754891026957,"CER"
"Cer(35:0)",-2.96401191786015,1.43415218132648,"CER"
"Cer(35:1)",-2.29753152380373,1.65757731917779,"CER"
"Cer(36:0)",-1.95366513807135,1.6615435063954,"CER"
"Cer(36:1)",-3.56953664995999,1.65364702554936,"CER"
"Cer(36:2)",-1.92242596678735,2.08301995267962,"CER"
"Cer(37:0)",-3.89165460933486,1.28819277095881,"non-sig"
"Cer(37:1)",-3.49053216670936,1.38090666937326,"CER"
"Cer(38:0)",-1.95683424509105,1.31515463835559,"CER"
"Cer(38:1)",-3.45784068077873,1.38615817812393,"CER"
"Cer(39:0)",-1.16587565624803,0.744727494896694,"non-sig"
"Cer(39:1)",-2.59364578066751,1.28232949699774,"non-sig"
"Cer(40:0)",-1.77945981802921,1.32790214206428,"CER"
"Cer(40:1)",-2.92961936534501,1.56066730616974,"CER"
"Cer(40:2)",-3.16756612542537,1.58004425151024,"CER"
"Cer(41:0)",-3.70791825494849,1.19586056766465,"non-sig"
"Cer(41:1)",-2.74871337130022,1.77989191195995,"CER"
"Cer(41:2)",-2.86372530851645,1.89962945488244,"CER"
"Cer(42:0)",-1.90520574943015,1.45222529461218,"CER"
"Cer(42:1)",-2.68102511121347,1.69897000433602,"CER"
"Cer(42:2)",-2.86026531151768,1.97469413473523,"CER"
"Cer(42:3)",-2.65684583569629,1.64016451766011,"CER"
"Cer(42:5)",-2.43808157400316,1.56066730616974,"CER"
"Cer(43:0)",-2.32208403335119,0.924453038607469,"non-sig"
"Cer(43:1)",-2.40088030188095,1.61618463401957,"CER"
"Cer(43:2)",-2.81718236931834,1.79317412396815,"CER"
"Cer(44:0)",-1.52625059934438,0.943095148663527,"non-sig"
"Cer(44:1)",-1.74177393095421,0.958607314841775,"non-sig"
"Cer(44:2)",-2.63086284489337,1.41680122603138,"CER"
"Cer(48:0)",0.032968217558949,0.10292299679058,"non-sig"
"Cer(49:1)",0.959245038200834,0.472370099128661,"non-sig"
"Cer(64:12)",-0.371804349375378,0.150580586203101,"non-sig"
"Cer(66:12)",-1.42139873926267,0.593459819566045,"non-sig"
"Cer(66:14)",-0.62864273288443,0.580044251510242,"non-sig"
"Cer(68:12)",-0.72958811112912,0.356547323513813,"non-sig"
"Cer(68:14)",-0.784466881345207,0.481486060122112,"non-sig"
"Cer(70:14)",-0.959329502343067,0.640164517660112,"non-sig"
"Cer(70:16)",-0.625323075333743,0.43297363384094,"non-sig"
"Cer(72:16)",-0.84654382811518,0.421360790031928,"non-sig"
"CL(72:7)",0.837932568163481,0.378823718224965,"non-sig"
"CL(72:8)",0.131770939855681,0.0409586076789064,"non-sig"
"CoQ8)",0.834487380831291,0.6345120151091,"non-sig"
"CoQ9)",0.389206156944063,0.330683119433888,"non-sig"
"DG(32:0)",1.68474769070393,0.712198270069774,"non-sig"
"DG(34:0)",0.445049106419834,0.328827157284917,"non-sig"
"DG(34:1)",-1.3641048997774,1.60730304674033,"DG"
"DG(34:2)",-0.927792358526592,0.847711655616944,"non-sig"
"DG(34:3)",0.0279868119695585,0.0222763947111523,"non-sig"
"DG(36:1)",-1.26686245219274,1.12784372725171,"non-sig"
"DG(36:2)",-1.7487587576965,2.9100948885606,"DG"
"DG(36:3)",-1.45381433188355,1.50584540598156,"DG"
"DG(36:4)",0.864392533757631,0.578396073130169,"non-sig"
"DG(36:5)",-0.290124395064748,0.201349354554731,"non-sig"
"DG(38:2)",-1.76440053972503,2.23882418684427,"DG"
"DG(38:3)",-1.54599869534185,1.14026143380285,"non-sig"
"DG(38:4)",-0.752970752545519,1.02410886359821,"non-sig"
"DG(38:5)",0.738240477450248,1.07883394936226,"non-sig"
"DG(38:6)",0.373847483251243,0.258060922270801,"non-sig"
"DG(38:7)",-0.858597569026031,0.498940737782249,"non-sig"
"DG(40:6)",-1.23742056061268,1.40230481407449,"DG"
"DG(40:7)",-0.672598545298058,0.943095148663527,"non-sig"
"DG(40:8)",0.384203437422723,0.412289034981089,"non-sig"
"DGCC(36:2)",0.209958506520437,0.939302159646388,"non-sig"
"DGGA(34:2)",-0.532613106150674,1.33254704711005,"Other"
"DGGA(36:3)",0.0572064875677967,0.0209070993616736,"non-sig"
"DGGA(36:4)",-0.171068671373433,0.24184537803261,"non-sig"
"DGGA(38:6)",-0.656319698267666,0.450996737974212,"non-sig"
"DGGA(38:7)",0.863718524852835,0.554395796726402,"non-sig"
"DGGA(40:8)",1.60229446686507,0.950781977329818,"non-sig"
"DGGA(40:9)",1.66278938837598,1.06905096883248,"non-sig"
"DGGA(44:12)",2.24809282299558,1.33161408331,"Other"
"DLCL(36:3)",-0.459603300959081,0.419075024324381,"non-sig"
"DLCL(36:4)",0.0386849159164839,0.0371573187987575,"non-sig"
"DLCL(38:6)",-0.553657287056527,0.531652669587843,"non-sig"
"FA(13:1)",-0.0180016969425694,0.0195421077238999,"non-sig"
"FA(14:0)",-1.09595865723382,2.1681302257195,"FA"
"FA(14:1)",-0.841862469534952,0.910094888560602,"non-sig"
"FA(15:0)",-0.691843348834507,1.8153085691824,"FA"
"FA(15:1)",-0.764659949531797,1.64206515299955,"FA"
"FA(16:0)",-0.6557000810751,2.19178902707578,"FA"
"FA(16:1)",-0.558028807501351,1.28735029837279,"non-sig"
"FA(16:2)",-1.0197638525102,1.61439372640169,"FA"
"FA(16:3)",-0.956642240604843,1.33535802444387,"FA"
"FA(16:4)",-0.61069458407038,0.636388020107856,"non-sig"
"FA(17:0)",-0.923645009771967,2.61798295742513,"FA"
"FA(17:1)",-0.783232576618769,2.73992861201493,"FA"
"FA(17:2)",-0.795091217674873,1.41907502432438,"FA"
"FA(18:0)",-1.35165902792765,2.96657624451305,"FA"
"FA(18:1)",-0.802161796714937,3.17134010346468,"FA"
"FA(18:2)",-0.575786540506858,2.18575240426808,"Other"
"FA(18:3)",2.10288281224434,1.55284196865778,"Other"
"FA(18:4)",-0.713943934004817,0.583359492661719,"non-sig"
"FA(19:0)",-1.13544388050403,2.1073489661227,"FA"
"FA(19:1)",-1.09845750443765,3.09745322068601,"FA"
"FA(19:2)",-0.803283671199711,1.42021640338319,"FA"
"FA(19:3)",0.0547426539821529,0.0555173278498314,"non-sig"
"FA(20:0)",-1.47524938826528,2.10846254232744,"FA"
"FA(20:1)",-1.76822881352022,2.77469071827414,"FA"
"FA(20:2)",-0.59421315016807,2.14146280243036,"FA"
"FA(20:3)",-0.524617067369459,1.6615435063954,"FA"
"FA(20:4)",-0.507144977270837,1.48678239993206,"FA"
"FA(20:5)",-0.552567698262802,1.11861534322943,"non-sig"
"FA(21:0)",-1.21680663287311,1.43062609038495,"FA"
"FA(21:1)",-1.98788252723446,2.14146280243036,"FA"
"FA(21:3)",-1.1769761610469,2.15304467498018,"FA"
"FA(21:4)",-0.600841070463364,1.60730304674033,"FA"
"FA(22:0)",-0.597902586617717,1.43770713554353,"FA"
"FA(22:1)",-2.00923663669076,2.0268721464003,"FA"
"FA(22:2)",-0.737874957960777,2.35951856302958,"FA"
"FA(22:3)",-1.06161641005612,3.24412514432751,"FA"
"FA(22:4)",-0.422371592930556,1.84771165561694,"FA"
"FA(22:5)",-0.657676501859854,3.32513885926219,"FA"
"FA(22:6)",-0.478989070599031,1.37882371822496,"FA"
"FA(23:0)",-0.82989331052762,1.28316227670048,"non-sig"
"FA(23:1)",-1.94218682080808,2.24488773360493,"FA"
"FA(24:0)",-0.743084829020248,1.23210238398191,"non-sig"
"FA(24:1)",-0.974979786131705,1.98296666070122,"FA"
"FA(24:2)",-0.975410888561179,1.57839607313017,"FA"
"FA(24:4)",-0.567017115378476,0.826813731587726,"non-sig"
"FA(24:5)",-0.333549744374626,0.209011524911184,"non-sig"
"FA(24:6)",-0.484299982732665,0.698970004336019,"non-sig"
"FA(25:0)",-0.931133217230048,1.30102999566398,"FA"
"FA(25:1)",-2.05675547234637,2.22257317761069,"FA"
"FA(26:0)",-0.866213868364092,0.950781977329818,"non-sig"
"FA(26:1)",-1.98932906139127,1.77989191195995,"FA"
"FA(26:4)",-0.570456376892814,1.13018179202067,"non-sig"
"FA(28:0)",-0.613818715656119,0.829738284605043,"non-sig"
"FA(28:1)",-2.53530853982121,1.12262865413023,"non-sig"
"FA(28:5)",-2.74070756406949,1.02641037657274,"non-sig"
"FA(28:6)",-3.59178565906584,0.769551078621726,"non-sig"
"FA(30:0)",-0.992796567805456,0.703334809738469,"non-sig"
"FA(30:1)",-2.32244975055748,0.718966632752272,"non-sig"
"FA(31:0)",-1.69743602206438,0.764471553092451,"non-sig"
"FA(31:1)",-3.63335959404847,0.886056647693163,"non-sig"
"FA(32:0)",-1.62512511235365,0.686132779630847,"non-sig"
"FA(32:1)",-2.97590851608691,0.821023052706831,"non-sig"
"FA(33:0)",-1.71041781123688,0.675717544702307,"non-sig"
"FA(33:1)",-3.71517116863463,0.96657624451305,"non-sig"
"FA(34:0)",-1.32000901097497,0.573488738635425,"non-sig"
"FA(34:1)",-3.41563746495871,0.924453038607469,"non-sig"
"FA(34:2)",-2.54371172257252,0.578396073130169,"non-sig"
"FA(35:1)",-3.7237415049512,1.03151705144606,"non-sig"
"FA(36:0)",-1.52709681373266,1.05799194697769,"non-sig"
"FA(36:1)",-3.34484223772342,1.0204516252959,"non-sig"
"FA(37:1)",-3.29221315401066,1.1944991418416,"non-sig"
"FA(38:1)",-2.59385067442716,1.15614457737684,"non-sig"
"FA(40:1)",-1.80503089543478,1.0783135245164,"non-sig"
"FA(42:1)",-0.910141653236689,0.703334809738469,"non-sig"
"GM3(34:1)",-1.35067599989092,0.954677021213343,"non-sig"
"GM3(36:1)",-0.835764900118974,0.739928612014925,"non-sig"
"HexCer(32:1)",-3.3835392783636,1.48412615628832,"HEXCER"
"HexCer(33:1)",-1.68415830161824,1.26760624017703,"non-sig"
"HexCer(34:0)",-1.80983503811712,1.29328221766324,"non-sig"
"HexCer(34:1)",-1.82715937637782,1.31695296176115,"HEXCER"
"HexCer(34:2)",-1.64982985593367,1.24488773360493,"non-sig"
"HexCer(35:1)",-2.06474571792425,1.35066514128786,"HEXCER"
"HexCer(36:0)",-3.81413714277847,1.13548891894161,"non-sig"
"HexCer(36:1)",-3.30565280253201,1.74472749489669,"HEXCER"
"HexCer(36:2)",-1.84938086023948,1.43770713554353,"HEXCER"
"HexCer(37:1)",-2.49462328885512,1.20620961530918,"non-sig"
"HexCer(38:0)",-3.34960332356568,0.896196279044043,"non-sig"
"HexCer(38:1)",-2.71521651106796,1.41566877563247,"HEXCER"
"HexCer(39:1)",-1.94224249969069,1.32605800136591,"HEXCER"
"HexCer(40:0)",-1.97931236468553,1.44733178388781,"HEXCER"
"HexCer(40:1)",-2.26850469010173,1.40011692792631,"HEXCER"
"HexCer(40:2)",-1.97881696282919,1.42596873227228,"HEXCER"
"HexCer(41:0)",-1.5913540543267,1.43533393574791,"HEXCER"
"HexCer(41:1)",-2.00746690825784,1.44249279809434,"HEXCER"
"HexCer(41:2)",-1.43713915335582,1.23136189875239,"non-sig"
"HexCer(42:0)",-1.72855259352645,1.30539480106643,"HEXCER"
"HexCer(42:1)",-1.81830111501194,1.36653154442041,"HEXCER"
"HexCer(42:2)",-1.82219473505315,1.27572413039921,"non-sig"
"HexCer(42:3)",-1.30655236326112,0.91721462968355,"non-sig"
"HexCer(42:5)",-0.8830143529986,0.580044251510242,"non-sig"
"HexCer(43:1)",-1.57563932505006,1.31247103878537,"HEXCER"
"HexCer(44:2)",-0.867089535752744,0.790484985457369,"non-sig"
"IS:(DG(15:0_18:1(d7))",-0.441206795933965,1.30891850787703,"DG"
"IS:(LPC(18:1(d7))",-0.0859729747849549,1.30891850787703,"LPC"
"IS:(LPE(18:1(d7))",-0.0689774593490711,1.07365755337434,"non-sig"
"IS:(MG(18:1((d7))",-0.0687031672196703,0.779891911959945,"non-sig"
"IS:(PC(15:0_18:1(d7))",0.18030283878231,1.64781748188864,"PC"
"IS:(PE(15:0_18:1(d7))",0.0773451423782525,1.55595520408192,"PE"
"IS:(PG(15:0_18:1(d7))",-0.0776060264724805,1.04000516167158,"non-sig"
"IS:(PG(33:1(d7))",-0.0842153979719846,0.500312917381596,"non-sig"
"IS:(PI(15:0-18:1(d7))",0.0118213906958928,0.392544976785331,"non-sig"
"IS:(PS(33:1(d7))",0.110319606514793,1.39577394691553,"Other"
"IS:(SM(18:1)",0.0361205815137815,0.313363730737707,"non-sig"
"IS:(SM(36:2(d9))",0.205729206901154,0.98296666070122,"non-sig"
"IS:(TG(48:1(d7))",0.509758863220593,2.16621562534352,"TG"
"LPA(18:2)",-0.455017515515362,0.568636235841013,"non-sig"
"LPC(14:0)",0.137118361088408,0.250263684430939,"non-sig"
"LPC(14:0/0:0)",-0.00174743918888609,0.00261361560268669,"non-sig"
"LPC(14:1/0:0)",0.0967650481553584,0.0909791457888439,"non-sig"
"LPC(15:0)",0.01802744614848,0.0163737128754655,"non-sig"
"LPC(15:0/0:0)",0.0582510742937856,0.0589857562944303,"non-sig"
"LPC(16:0)",-0.355166450165498,0.621602099051862,"non-sig"
"LPC(16:0/0:0)",-0.285261943092884,0.6345120151091,"non-sig"
"LPC(16:1)",0.0398594948909512,0.0530567293021746,"non-sig"
"LPC(16:1/0:0)",0.000968048647841613,0.00130484168834428,"non-sig"
"LPC(16:2)",0.161442512722758,0.255707016877324,"non-sig"
"LPC(16:2/0:0)",0.136559970021086,0.299296282854981,"non-sig"
"LPC(16:3/0:0)",0.51251966501167,1.48017200622428,"LPC"
"LPC(17:0)",-0.443882581998199,0.507239610973163,"non-sig"
"LPC(17:0/0:0)",-0.458325441091052,0.565431095965801,"non-sig"
"LPC(17:1)",-0.105680292685303,0.177831920631982,"non-sig"
"LPC(17:1/0:0)",-0.105153112541434,0.184422251675733,"non-sig"
"LPC(17:2)",-0.260261801020555,0.533132379645891,"non-sig"
"LPC(17:2/0:0)",-0.201730480388644,0.361510743045363,"non-sig"
"LPC(18:0)",-0.808363971899727,1.17392519729917,"non-sig"
"LPC(18:0/0:0)",-0.692520552347084,1.34486156518862,"LPC"
"LPC(18:1)",-0.333327492664424,0.681936665037238,"non-sig"
"LPC(18:1/0:0)",-0.414709472234325,0.779891911959945,"non-sig"
"LPC(18:2)",-0.389959825331097,0.730487055782084,"non-sig"
"LPC(18:2/0:0)",-0.303606339161192,0.59176003468815,"non-sig"
"LPC(18:3/0:0)",-0.221620385528265,0.295849483160201,"non-sig"
"LPC(18:4/0:0)",0.286748501550161,0.414539270491499,"non-sig"
"LPC(19:0)",-0.153950594143254,0.135488918941608,"non-sig"
"LPC(19:0/0:0)",-0.151738866879281,0.139063379299906,"non-sig"
"LPC(19:1)",-0.158297484784878,0.210419287835575,"non-sig"
"LPC(19:1/0:0)",-0.074350537012208,0.0861861476162833,"non-sig"
"LPC(19:4/0:0)",-0.43613056882802,1.13253251214095,"non-sig"
"LPC(20:0)",-0.027545749516694,0.0264103765727431,"non-sig"
"LPC(20:0/0:0)",-0.211362943472103,0.177831920631982,"non-sig"
"LPC(20:1)",-0.18308997366686,0.274905478918531,"non-sig"
"LPC(20:1/0:0)",-0.323532532062451,0.505845405981557,"non-sig"
"LPC(20:2)",-0.0264318875281901,0.0357403698031511,"non-sig"
"LPC(20:2/0:0)",0.0024072467106464,0.00305075150461883,"non-sig"
"LPC(20:3)",-0.724006338248479,1.26201267366657,"non-sig"
"LPC(20:3/0:0)",-0.6834748668788,1.51855737149769,"LPC"
"LPC(20:4/0:0)",-0.347762801858082,0.632644078973981,"non-sig"
"LPC(20:5/0:0)",-0.330278293716233,1.14752000636314,"non-sig"
"LPC(21:0)",-0.0641476975566668,0.0609802235513335,"non-sig"
"LPC(21:0/0:0)",-0.0369591757412735,0.0414361167780325,"non-sig"
"LPC(21:1/0:0)",0.0893310603716095,0.157390760389438,"non-sig"
"LPC(22:0)",-0.482193058902144,0.651695136951839,"non-sig"
"LPC(22:0/0:0)",-0.447001828596459,0.580044251510242,"non-sig"
"LPC(22:1)",0.598956030524775,0.534617148551582,"non-sig"
"LPC(22:1/0:0)",0.0264089731646706,0.0277971616209356,"non-sig"
"LPC(22:2/0:0)",0.340845171745748,0.785156151952302,"non-sig"
"LPC(22:3/0:0)",-0.0899817757984458,0.174573882232177,"non-sig"
"LPC(22:4)",-0.451004591757187,0.896196279044043,"non-sig"
"LPC(22:4/0:0)",-0.444151454779323,0.552841968657781,"non-sig"
"LPC(22:5/0:0)",-0.517612053190259,0.476253533188435,"non-sig"
"LPC(22:6/0:0)",-0.936489379325842,1.66756154008439,"LPC"
"LPC(23:0)",-0.489623860010386,0.636388020107856,"non-sig"
"LPC(23:0/0:0)",-0.430250135523487,0.612610173661271,"non-sig"
"LPC(23:1)",-0.0431237734307039,0.0443122496864942,"non-sig"
"LPC(23:1/0:0)",-0.036788746737102,0.0366844886138887,"non-sig"
"LPC(24:0)",-0.680429671956947,0.896196279044043,"non-sig"
"LPC(24:0/0:0)",-0.71550566555856,0.97061622231479,"non-sig"
"LPC(24:1)",-0.266533084644418,0.289882634888184,"non-sig"
"LPC(24:1/0:0)",-0.25032363083616,0.279840696594043,"non-sig"
"LPC(24:2)",0.247392486494284,0.355561410532161,"non-sig"
"LPC(24:2/0:0)",0.266700806395111,0.559090917934782,"non-sig"
"LPC(24:3/0:0)",0.136438647788442,0.293282217663241,"non-sig"
"LPC(24:4)",-0.812224850236298,1.05012229596313,"non-sig"
"LPC(24:5)",-0.557926165014862,0.730487055782084,"non-sig"
"LPC(24:5/0:0)",-0.484705020450271,0.769551078621726,"non-sig"
"LPC(24:6/0:0)",-0.87332403701663,0.467245621007502,"non-sig"
"LPC(25:0/0:0)",-0.377181655371984,0.497572880015567,"non-sig"
"LPC(25:1/0:0)",-0.362327129268508,0.539102157243452,"non-sig"
"LPC(26:0/0:0)",-0.688204516468154,0.866461091629782,"non-sig"
"LPC(26:1)",-0.614333153606925,0.844663962534938,"non-sig"
"LPC(26:1/0:0)",-0.578466321320587,0.684029654543082,"non-sig"
"LPC(26:2/0:0)",0.0990599992137113,0.134896025358872,"non-sig"
"LPC(O-15:0)",0.811361565831895,1.94692155651658,"LPC"
"LPC(O-16:0)",0.541411427741945,1.1007268126824,"non-sig"
"LPC(O-16:1)",1.52322993652896,2.33068311943389,"LPC"
"LPC(O-18:0)",-0.158400114032204,0.211831628858832,"non-sig"
"LPC(O-18:1)",0.654503046151451,2.2335871528876,"LPC"
"LPC(O-18:2)",0.862509272061526,2.42365864979421,"LPC"
"LPC(O-20:0)",-0.394019396008108,0.437707135543525,"non-sig"
"LPC(O-20:1)",0.310851663859896,0.528708288941061,"non-sig"
"LPC(O-21:0)",-0.349474531290458,0.485452247339714,"non-sig"
"LPC(O-22:0)",-0.732757124923225,0.85078088734462,"non-sig"
"LPC(O-22:1)",0.084212067562742,0.0867160982395816,"non-sig"
"LPC(O-24:0)",-1.07726514886548,1.05403929642243,"non-sig"
"LPC(O-24:1)",-0.519377646320102,0.610833915635468,"non-sig"
"LPC(O-24:2)",0.247788567057952,0.434152181326482,"non-sig"
"LPE-N((FA)34:1)",-1.26642568043243,0.939302159646388,"non-sig"
"LPE-N((FA)34:2)",-1.1275363216695,0.671620396561262,"non-sig"
"LPE-N((FA)36:1)",-1.59007911627366,1.36151074304536,"LPE"
"LPE-N((FA)36:2)",-2.03797367077806,1.15739076038944,"non-sig"
"LPE-N((FA)36:3)",-1.32039638382933,1.3269790928711,"LPE"
"LPE-N((FA)36:4)",-1.18536274265832,0.838631997765025,"non-sig"
"LPE-N((FA)38:4)",-1.41096393247333,1.05109823902979,"non-sig"
"LPE-N((FA)38:5)",-1.34587983762274,1.25570701687732,"non-sig"
"LPE-N((FA)38:6)",-1.46038729211608,1.17848647159523,"non-sig"
"LPE-N((FA)40:6)",-1.56661618101499,1.11294562194904,"non-sig"
"LPE-N((FA)40:7)",-1.81830836047382,1.38615817812393,"LPE"
"LPE-N((FA)40:8)",-1.50488212117386,1.07417242537526,"non-sig"
"LPE(16:0)",-1.20061682484639,1.20481541031758,"non-sig"
"LPE(16:1)",-0.409546784367532,1.12842706445412,"non-sig"
"LPE(17:0)",-0.589057355852958,0.801342913045577,"non-sig"
"LPE(18:0)",-0.903516149914473,0.906578314837765,"non-sig"
"LPE(18:1)",-1.06927922676623,3.52287874528034,"LPE"
"LPE(18:2)",-1.01707039302673,1.39685562737982,"LPE"
"LPE(18:3)",-1.08540602886753,1.58838029403677,"LPE"
"LPE(19:0)",0.116679587727212,0.080398976215889,"non-sig"
"LPE(20:0)",-0.247852441138228,0.188424994129407,"non-sig"
"LPE(20:1)",-0.444231284320779,0.732828271596986,"non-sig"
"LPE(20:2)",-0.30464079191583,0.619788758288394,"non-sig"
"LPE(20:3)",-1.21714712544385,2.37468754903833,"LPE"
"LPE(20:4)",-0.858913393197142,1.18842499412941,"non-sig"
"LPE(20:5)",-0.916788426946791,1.60032627851896,"LPE"
"LPE(22:4)",-0.351404263969471,0.386158178123931,"non-sig"
"LPE(22:5)",-1.04977590696571,1.13194363817696,"non-sig"
"LPE(22:6)",-1.73762132838996,1.33913452199613,"LPE"
"LPE(O-16:1)",0.155126316401024,0.334419008982047,"non-sig"
"LPE(O-18:0)",-0.627378149316421,0.688246138944246,"non-sig"
"LPE(O-18:1)",-0.162269287010858,0.187755303199631,"non-sig"
"LPE(O-20:0)",-0.471043421648904,0.459670525209126,"non-sig"
"LPE(O-20:1)",-0.162154246116732,0.133712660915805,"non-sig"
"LPE(O-22:0)",-0.827734596563793,1.14996674231023,"non-sig"
"LPE(O-22:1)",-0.276976923104385,0.234331445240986,"non-sig"
"LPE(O-24:1)",-0.673734254736836,0.628932137728264,"non-sig"
"LPG(16:0)",-0.0648399838723037,0.0851281824599496,"non-sig"
"LPI(16:0)",0.258723372092586,0.496209316942819,"non-sig"
"LPI(18:0)",-0.663703521482301,1.19314197048118,"non-sig"
"LPI(18:1)",0.303285428670176,0.351639989019068,"non-sig"
"LPI(22:6)",-0.51331852300477,1.00305075150462,"non-sig"
"LPS-N((FA)36:4)",-0.291230670505094,0.257274868695302,"non-sig"
"LPS(18:0)",0.61502475406331,1.09582563171584,"non-sig"
"LPS(18:2)",0.0259387152571087,0.00921730819686218,"non-sig"
"LPS(20:4)",-0.0409596338888711,0.0145735259169983,"non-sig"
"LPS(22:6)",-0.118180347133777,0.0447934624580583,"non-sig"
"MLCL(52:4)",-0.670255427563248,0.749579997691106,"non-sig"
"MLCL(54:4)",-0.74024989123663,0.844663962534938,"non-sig"
"NAE(18:1)",-0.383817386077929,1,"non-sig"
"NATau(16:0)",-0.168539130053414,0.197910742118267,"non-sig"
"NATau(16:2)",-0.27734116514263,0.35359627377693,"non-sig"
"NATau(16:3)",-0.227100684300432,0.1791420105603,"non-sig"
"NATau(16:4)",-0.0644945494539577,0.0423927129399047,"non-sig"
"NATau(18:1)",-0.154715712209057,0.17134010346468,"non-sig"
"NATau(18:2)",0.257845385133955,0.289882634888184,"non-sig"
"NATau(22:6)",0.571518196198323,0.690369832574101,"non-sig"
"PC(18:0)",0.417281133938236,0.928117992693875,"non-sig"
"PC(28:0)",-0.390159893234856,0.962573502059376,"non-sig"
"PC(30:0)",-0.112268245498495,0.197910742118267,"non-sig"
"PC(30:1)",-1.28637347077292,2.13018179202067,"PC"
"PC(31:0)",-0.771386285873138,0.832682665251824,"non-sig"
"PC(32:0)",-0.767241049423095,1.36653154442041,"PC"
"PC(32:1)",-0.502544109646848,1.21681130892474,"non-sig"
"PC(32:2)",-0.959636796576106,1.11690664142431,"non-sig"
"PC(32:3)",-0.812095178618012,1.31966448658544,"PC"
"PC(33:0)",-1.01674106830547,1.32513885926219,"PC"
"PC(33:1)",-0.372874016804687,0.721246399047171,"non-sig"
"PC(33:2)",-0.684159544514699,0.525783735923745,"non-sig"
"PC(34:0)",-1.52475676859666,2.66554624884907,"PC"
"PC(34:1)",-0.418379266397221,1.26520017041115,"non-sig"
"PC(34:2)",0.461264336691272,1.36151074304536,"PC"
"PC(34:3)",-1.4266353522761,0.844663962534938,"non-sig"
"PC(34:4)",-1.19886223074588,1.47495519296315,"PC"
"PC(35:1)",-0.76936595217623,1.27572413039921,"non-sig"
"PC(35:2)",-0.476552685122904,0.896196279044043,"non-sig"
"PC(35:3)",0.267381144224448,0.72584215073632,"non-sig"
"PC(35:4)",-1.05140413733043,1.03857890593355,"non-sig"
"PC(36:0)",-1.5315521034403,1.83863199776503,"PC"
"PC(36:1)",-1.18310121421004,2.43415218132648,"PC"
"PC(36:2)",-0.75247040733365,1.96257350205938,"PC"
"PC(36:3)",-0.349652633114868,1.41116827440579,"PC"
"PC(36:4)",-0.620820299207121,1.61083391563547,"PC"
"PC(36:5)",-1.03675112586379,2.62160209905186,"PC"
"PC(36:6)",-1.25564187478457,1.61261017366127,"PC"
"PC(37:1)",-1.03843805422561,1.47108329972235,"PC"
"PC(37:2)",-0.95302868953106,1.02826040911222,"non-sig"
"PC(37:3)",-0.350844259302551,0.540607512240769,"non-sig"
"PC(37:4)",-0.890415467936844,1.1331221856625,"non-sig"
"PC(37:5)",-0.640992636801425,1.41341269532825,"PC"
"PC(37:6)",-1.0164383197105,0.913640169325252,"non-sig"
"PC(38:2)",-1.25588897275225,1.93930215964639,"PC"
"PC(38:3)",-0.727407290946978,1.94309514866353,"PC"
"PC(38:4)",-0.733466121059671,1.85078088734462,"PC"
"PC(38:5)",-0.54850371563197,1.61618463401957,"PC"
"PC(38:6)",0.25815196272249,1.5543957967264,"PC"
"PC(38:7)",-1.40129737433491,1.57511836336893,"PC"
"PC(39:3)",-0.2624859731717,0.338187314462739,"non-sig"
"PC(39:4)",-1.0448194284377,1.00217691925427,"non-sig"
"PC(39:5)",-0.81668285297755,1.23210238398191,"non-sig"
"PC(39:6)",-0.610970738827188,1.31336373073771,"PC"
"PC(39:7)",-0.647898514314658,1.44249279809434,"PC"
"PC(40:0)",-1.1283736994832,1.50307035192679,"PC"
"PC(40:1)",-1.30609468429596,2.19928292171761,"PC"
"PC(40:2)",-0.92891589215327,1.32882715728492,"PC"
"PC(40:3)",-1.0773667877628,1.8153085691824,"PC"
"PC(40:4)",-1.16897922524812,1.47625353318844,"PC"
"PC(40:5)",-0.782480855097425,2.32790214206428,"PC"
"PC(40:6)",-1.09017178324769,2.37468754903833,"PC"
"PC(40:7)",-0.663566889342359,1.65364702554936,"PC"
"PC(40:8)",-0.0724318114275633,0.187755303199631,"non-sig"
"PC(40:9)",-0.102032235042959,0.275724130399211,"non-sig"
"PC(41:2)",-0.43235856609256,0.512861624522813,"non-sig"
"PC(41:6)",-0.770610513724321,1.07365755337434,"non-sig"
"PC(41:7)",-0.456474514979622,0.549750891680639,"non-sig"
"PC(42:0)",-0.962097562433978,1.69250396208679,"PC"
"PC(42:1)",-0.716209443705118,1.09044397075882,"non-sig"
"PC(42:10)",-0.553568556775701,1.01818139282934,"non-sig"
"PC(42:11)",-0.0128557307994619,0.0245681914907371,"non-sig"
"PC(42:2)",-0.706830762879495,1.32975414692588,"PC"
"PC(42:3)",-1.19167678403952,0.531652669587843,"non-sig"
"PC(42:4)",-1.4921406012868,1.41341269532825,"PC"
"PC(42:5)",-1.00021354939735,1.8153085691824,"PC"
"PC(42:6)",-0.970181416699347,2.08618614761628,"PC"
"PC(42:7)",-0.460099031484322,0.815308569182401,"non-sig"
"PC(42:8)",0.0463590313146582,0.045275209020937,"non-sig"
"PC(42:9)",0.609964868236535,0.52432881167557,"non-sig"
"PC(44:11)",0.154955343374915,0.364516253185088,"non-sig"
"PC(44:12)",0.258831699355859,0.787812395596042,"non-sig"
"PC(44:4)",-1.26997499701125,1.23284413391782,"non-sig"
"PC(44:5)",-1.06658878349515,0.978810700930062,"non-sig"
"PC(O-30:0)",-0.481986098726498,0.835647144215563,"non-sig"
"PC(O-31:0)",0.322687019647162,0.211124884224583,"non-sig"
"PC(O-32:0)",-0.838660592453625,0.931814138253838,"non-sig"
"PC(O-32:1)",-0.688253345245762,0.962573502059376,"non-sig"
"PC(O-32:3)",-1.07950338910745,0.714442690992226,"non-sig"
"PC(O-33:1)",0.188467840094511,0.31069114087638,"non-sig"
"PC(O-33:2)",-0.187780142386597,0.128427064454121,"non-sig"
"PC(O-33:3)",0.531328410116334,0.316052869248488,"non-sig"
"PC(O-34:0)",-1.28121665242312,0.962573502059376,"non-sig"
"PC(O-34:1)",-0.865790739582575,0.931814138253838,"non-sig"
"PC(O-34:2)",-0.219258670892419,0.236572006437063,"non-sig"
"PC(O-34:3)",-0.806699053546705,0.769551078621726,"non-sig"
"PC(O-34:4)",-0.470504399709245,0.228412519118745,"non-sig"
"PC(O-34:5)",-0.759328386641446,0.415668775632469,"non-sig"
"PC(O-35:4)",0.0966810131394702,0.0634862575211067,"non-sig"
"PC(O-35:5)",-0.594032614715179,0.308918507877032,"non-sig"
"PC(O-36:0)",-1.74732555728887,1,"non-sig"
"PC(O-36:1)",-1.63246005972087,1.2298847052129,"non-sig"
"PC(O-36:2)",-1.49511588602019,1.04431224968649,"non-sig"
"PC(O-36:3)",0.377313039002193,0.739928612014925,"non-sig"
"PC(O-36:4)",-0.558735862358219,0.405607449624573,"non-sig"
"PC(O-36:5)",-0.614863347015135,0.407823242604133,"non-sig"
"PC(O-36:6)",-0.0176596258762203,0.0083309926200515,"non-sig"
"PC(O-37:4)",-0.354589702845516,0.327902142064283,"non-sig"
"PC(O-37:7)",-1.11064987821372,0.769551078621726,"non-sig"
"PC(O-38:0)",-1.63818678403006,1.07675598136972,"non-sig"
"PC(O-38:1)",-2.00082921376421,1.41228903498109,"PC"
"PC(O-38:2)",-1.47048612199038,1.32882715728492,"PC"
"PC(O-38:3)",-1.09486389913057,0.935542010773082,"non-sig"
"PC(O-38:4)",-1.17670635821867,0.91721462968355,"non-sig"
"PC(O-38:5)",-0.236055593205084,0.224025668870631,"non-sig"
"PC(O-38:6)",-0.464002283825813,0.362510270487489,"non-sig"
"PC(O-38:7)",-0.562048207675023,0.730487055782084,"non-sig"
"PC(O-39:4)",-1.19080345230754,1.0395292224657,"non-sig"
"PC(O-39:7)",-1.02760688882655,0.886056647693163,"non-sig"
"PC(O-40:0)",-1.70014560421846,0.87942606879415,"non-sig"
"PC(O-40:1)",-1.68514803631968,1.43062609038495,"PC"
"PC(O-40:2)",-1.3346622900048,1.28735029837279,"non-sig"
"PC(O-40:3)",-1.32145053186719,0.856985199745905,"non-sig"
"PC(O-40:4)",-1.40510748410217,1.12901118623942,"non-sig"
"PC(O-40:5)",-1.01801944306697,0.892790030352132,"non-sig"
"PC(O-40:6)",-1.14353551873572,0.950781977329818,"non-sig"
"PC(O-40:7)",0.0858386315170243,0.0856568428805592,"non-sig"
"PC(O-40:8)",-0.44086152739775,0.565431095965801,"non-sig"
"PC(O-40:9)",-0.925736091549222,0.844663962534938,"non-sig"
"PC(O-41:3)",-1.64974711291311,1.20760831050175,"non-sig"
"PC(O-41:4)",-1.28865827287997,1.14935376481693,"non-sig"
"PC(O-41:6)",-1.19730836653257,0.896196279044043,"non-sig"
"PC(O-42:1)",-1.42842427248137,1.32513885926219,"PC"
"PC(O-42:2)",-1.10981295994903,1.07468790850035,"non-sig"
"PC(O-42:3)",-1.07267873218863,0.939302159646388,"non-sig"
"PC(O-42:4)",-1.36426409674208,1.18508681872493,"non-sig"
"PC(O-42:5)",-1.05646296236117,0.928117992693875,"non-sig"
"PC(O-42:6)",-1.36609445404562,0.913640169325252,"non-sig"
"PC(O-42:7)",-1.0727529213414,1.11975822410452,"non-sig"
"PC(O-42:8)",-0.314408942989193,0.330683119433888,"non-sig"
"PC(O-43:4)",-1.11904037901261,1.01999662841625,"non-sig"
"PC(O-43:5)",-1.31693019752849,0.97061622231479,"non-sig"
"PC(O-43:7)",-0.960874133887074,0.91721462968355,"non-sig"
"PC(O-44:4)",-1.38425388305248,1.22257317761069,"non-sig"
"PC(O-44:5)",-1.20200044544598,0.928117992693875,"non-sig"
"PC(O-44:6)",-0.492085735130583,0.443697499232713,"non-sig"
"PC(O-44:7)",-1.10654405215674,1.08724669632868,"non-sig"
"PC(O-44:8)",-0.846960273169397,0.954677021213343,"non-sig"
"PC(O-46:6)",-1.22569527851563,1.08196966321512,"non-sig"
"PC(O-46:7)",-1.09940031820604,0.774690718274137,"non-sig"
"PC(O-46:8)",-1.03149790242646,1.0195421077239,"non-sig"
"PE-Cer(34:1)",-2.30501116163081,1.17134010346468,"non-sig"
"PE-Cer(36:1)",-2.66702880527136,1.34872198600186,"Other"
"PE-Cer(42:1)",-1.40802185653171,0.690369832574101,"non-sig"
"PE-Cer(42:2)",-1.44103829193908,1.05012229596313,"non-sig"
"PE(32:0)",-0.581650943087755,0.417936637088291,"non-sig"
"PE(32:1)",-1.14242419014698,1.65560772631489,"PE"
"PE(34:0)",-1.26268397805866,1.30627305107635,"PE"
"PE(34:1)",-0.947394573267328,1.80134291304558,"PE"
"PE(34:2)",-0.559323275548614,0.407823242604133,"non-sig"
"PE(34:3)",-1.33505323410697,1.12784372725171,"non-sig"
"PE(35:2)",-0.971785841432713,0.928117992693875,"non-sig"
"PE(36:0)",-1.78889691581852,1.34008379993015,"PE"
"PE(36:1)",-1.27962996893321,1.36451625318509,"PE"
"PE(36:2)",-0.892092429138181,0.892790030352132,"non-sig"
"PE(36:3)",-0.152062651453619,0.306273051076353,"non-sig"
"PE(36:4)",-0.755078032420364,0.560667306169737,"non-sig"
"PE(36:5)",0.645275079790313,1.78781239559604,"PE"
"PE(37:2)",-0.466300660200048,0.19586056766465,"non-sig"
"PE(37:4)",-0.975612235555818,0.703334809738469,"non-sig"
"PE(37:6)",-1.36401042448654,0.790484985457369,"non-sig"
"PE(38:1)",-0.791562305485296,0.730487055782084,"non-sig"
"PE(38:2)",0.0431169413522667,0.0357403698031511,"non-sig"
"PE(38:3)",-0.590247272988091,0.785156151952302,"non-sig"
"PE(38:4)",-0.51338038316737,0.424812155072339,"non-sig"
"PE(38:4)",-0.543232832686876,0.424812155072339,"non-sig"
"PE(38:5)",0.603808756653969,0.744727494896694,"non-sig"
"PE(38:6)",-1.56298975761527,1.02319166266193,"non-sig"
"PE(38:7)",-0.626772162216383,0.605548319173784,"non-sig"
"PE(39:4)",-0.0896466674856633,0.0716041477432862,"non-sig"
"PE(39:6)",-0.75970466026229,0.560667306169737,"non-sig"
"PE(40:4)",-0.36973150578395,0.39577394691553,"non-sig"
"PE(40:5)",-0.578743363979083,0.533132379645891,"non-sig"
"PE(40:6)",-1.51853786645394,1.06499684854635,"non-sig"
"PE(40:7)",-0.80995701072333,0.764471553092451,"non-sig"
"PE(40:8)",1.05752277313496,1.98296666070122,"PE"
"PE(42:10)",1.07885165737523,1.04191415147891,"non-sig"
"PE(42:7)",-0.651676514296909,0.54821356447571,"non-sig"
"PE(42:8)",2.04665225288083,1.75202673363819,"PE"
"PE(O-32:1)",-0.789088466716166,0.728158393463501,"non-sig"
"PE(O-33:2)",-1.13894978442806,0.712198270069774,"non-sig"
"PE(O-34:0)",-2.43475291403104,1.53165266958784,"PE"
"PE(O-34:1)",-1.93335834233934,1.9100948885606,"PE"
"PE(O-34:2)",-0.734622701360149,0.906578314837765,"non-sig"
"PE(O-34:3)",-1.64189876504636,1.44249279809434,"PE"
"PE(O-34:4)",-1.4541550601348,0.764471553092451,"non-sig"
"PE(O-34:5)",-2.03031907988212,1.30715308072277,"PE"
"PE(O-35:3)",-1.4387567103668,0.889410289700751,"non-sig"
"PE(O-35:5)",-1.42642844401715,0.790484985457369,"non-sig"
"PE(O-36:0)",-2.67964023397021,1.3829996588791,"PE"
"PE(O-36:1)",-2.23156480632214,1.78781239559604,"PE"
"PE(O-36:2)",-1.68235035118461,1.44490555142168,"PE"
"PE(O-36:3)",-1.97231140510452,1.27083521030723,"non-sig"
"PE(O-36:4)",-0.75088073823078,0.72584215073632,"non-sig"
"PE(O-36:5)",-1.38429911319534,1.29756946355447,"non-sig"
"PE(O-36:6)",-1.83147611550789,1.72353819582676,"PE"
"PE(O-36:7)",-2.25098830885999,1.36653154442041,"PE"
"PE(O-37:2)",-1.33553686206572,1.1266793981846,"non-sig"
"PE(O-37:3)",-1.74663493115226,1.07417242537526,"non-sig"
"PE(O-37:5)",-1.52760865323782,1.13253251214095,"non-sig"
"PE(O-37:6)",-0.969789191454389,0.542118103266008,"non-sig"
"PE(O-37:7)",-1.99734068334566,1.12784372725171,"non-sig"
"PE(O-38:0)",-1.66325298211597,1.27901425584626,"non-sig"
"PE(O-38:1)",-2.16748744423965,1.73518217699046,"PE"
"PE(O-38:2)",-1.62955284308688,1.3829996588791,"PE"
"PE(O-38:3)",-1.91803176348252,1.19791074211827,"non-sig"
"PE(O-38:4)",-1.78957291873932,1.59006687666871,"PE"
"PE(O-38:5)",-1.33391972179662,1.11350927482752,"non-sig"
"PE(O-38:6)",-1.83806245302635,1.25026368443094,"non-sig"
"PE(O-38:7)",-1.41375338852069,1.06854212931099,"non-sig"
"PE(O-39:2)",-1.17742174253505,0.943095148663527,"non-sig"
"PE(O-39:4)",-1.31413209407676,1.22402566887063,"non-sig"
"PE(O-39:5)",-1.4546403948919,0.962573502059376,"non-sig"
"PE(O-39:6)",-0.658125269980239,0.246416941107093,"non-sig"
"PE(O-39:7)",-1.74168589078466,1.11125903931711,"non-sig"
"PE(O-40:1)",-2.10595663532085,1.53910215724345,"PE"
"PE(O-40:2)",-1.36236335174376,1.17005330405836,"non-sig"
"PE(O-40:3)",-1.1650194592198,0.96657624451305,"non-sig"
"PE(O-40:4)",-1.45931764623922,1.32330639037513,"PE"
"PE(O-40:5)",-1.60699593077538,1.06098022355133,"non-sig"
"PE(O-40:6)",-1.27429548971629,1.12551818230053,"non-sig"
"PE(O-40:7)",-1.56901162671721,1.22548303427145,"non-sig"
"PE(O-40:8)",-0.937658953572022,0.920818753952375,"non-sig"
"PE(O-41:4)",-1.24580802214868,1.0695604052333,"non-sig"
"PE(O-41:5)",-1.45575293846436,0.954677021213343,"non-sig"
"PE(O-41:6)",-0.938711896657779,0.860120913598763,"non-sig"
"PE(O-41:7)",-1.75274053614362,1.02641037657274,"non-sig"
"PE(O-42:1)",-1.83845905126313,1.43889861635094,"PE"
"PE(O-42:2)",-1.70873895188213,1.21681130892474,"non-sig"
"PE(O-42:3)",-1.03753292547686,0.812479279163537,"non-sig"
"PE(O-42:4)",-1.6717396760532,1.19314197048118,"non-sig"
"PE(O-42:5)",-1.28921163266181,1.2298847052129,"non-sig"
"PE(O-42:6)",-1.30676121496216,1.15552282425432,"non-sig"
"PE(O-42:7)",-1.62693527957141,1.2020403562628,"non-sig"
"PE(O-42:8)",-1.35976630472704,1.04479346245806,"non-sig"
"PE(O-43:7)",-1.85423887134347,1.33441900898205,"PE"
"PE(O-44:4)",-1.17303782264953,1.03105031901866,"non-sig"
"PE(O-44:5)",-1.16116735295749,0.96657624451305,"non-sig"
"PE(O-44:7)",-1.62281233192468,1.23882418684427,"non-sig"
"PE(O-44:8)",-1.2370428874864,1.0204516252959,"non-sig"
"PE(O-46:7)",-0.691237455145281,0.54821356447571,"non-sig"
"PE(O-46:8)",-1.26859552021764,1.0017406615763,"non-sig"
"PE(P-32:2)",-1.12284046156761,0.705533773838407,"non-sig"
"PE(P-34:1)",-0.798243395528672,0.978810700930062,"non-sig"
"PE(P-34:2)",-0.952977678298378,0.688246138944246,"non-sig"
"PE(P-36:1)",-1.64545047174234,1.00524305541237,"non-sig"
"PE(P-36:2)",-1.53429099244805,1.28066871301627,"non-sig"
"PE(P-36:4)",-0.763417227284059,0.931814138253838,"non-sig"
"PE(P-38:2)",-2.04421787306263,1.21395878975745,"non-sig"
"PE(P-38:3)",-1.39950974677996,1.36855623098683,"PE"
"PE(P-38:4)",-1.4539266806586,1.13253251214095,"non-sig"
"PE(P-38:5)",-0.833923703146667,0.954677021213343,"non-sig"
"PE(P-38:6)",-1.3019060740267,1.04527520902094,"non-sig"
"PE(P-40:2)",-1.78412933522584,0.943095148663527,"non-sig"
"PE(P-40:3)",-1.67170381856268,1.46092390120722,"PE"
"PE(P-40:4)",-1.68779855267311,1.06298389253519,"non-sig"
"PE(P-40:5)",-1.48350176553821,1.09636748391576,"non-sig"
"PE(P-40:6)",-1.58739542820906,1.26121944151563,"non-sig"
"PE(P-42:3)",-1.52621613719926,1.22402566887063,"non-sig"
"PE(P-42:4)",-1.65011707733331,1.02227639471115,"non-sig"
"PE(P-42:5)",-1.30667041287082,1.07211658966929,"non-sig"
"PE(P-42:6)",-1.69073110903027,1.14508697769214,"non-sig"
"PE(P-44:4)",-1.41755637836767,0.886056647693163,"non-sig"
"PE(P-44:5)",-1.50810558223161,0.991399828238082,"non-sig"
"PE(P-44:7)",-1.32129331281802,1.0204516252959,"non-sig"
"PG(34:2)",0.0716959136793385,0.0675262353228468,"non-sig"
"PG(36:1)",-1.28039154647705,1.22257317761069,"non-sig"
"PG(36:2)",-0.452110703846234,0.673664139071249,"non-sig"
"PG(36:4)",0.137483521490022,0.111259039317107,"non-sig"
"PG(38:4)",-0.209067733983581,0.224753740259764,"non-sig"
"PG(38:6)",-0.0904591697253565,0.0990869322623309,"non-sig"
"PG(40:8)",0.0188892857866705,0.0186344909214556,"non-sig"
"PG(42:10)",-0.409523291535322,0.407823242604133,"non-sig"
"PG(44:12)",-0.362576521365437,0.321481620959886,"non-sig"
"PI(32:0)",-1.34870083371326,1.33441900898205,"PI"
"PI(33:2)",-0.749573004395526,0.442492798094342,"non-sig"
"PI(34:0)",-0.302356401512142,0.428291168191312,"non-sig"
"PI(34:1)",-1.93998083978336,0.55129368009492,"non-sig"
"PI(34:2)",-0.230576847774497,0.224025668870631,"non-sig"
"PI(34:3)",-0.386097975106257,0.364516253185088,"non-sig"
"PI(35:2)",-0.571508472414628,0.585026652029182,"non-sig"
"PI(35:3)",1.14326667510576,0.782516055786094,"non-sig"
"PI(35:4)",-0.172439124409699,0.157390760389438,"non-sig"
"PI(36:1)",-1.51668280490771,2.04963514562388,"PI"
"PI(36:2)",-0.925693507378789,0.995678626217357,"non-sig"
"PI(36:3)",-0.394484694404255,0.406713932979543,"non-sig"
"PI(36:4)",0.232265620296378,0.364516253185088,"non-sig"
"PI(36:5)",0.64519158302047,0.6345120151091,"non-sig"
"PI(37:2)",-0.723679626675366,0.454692883534176,"non-sig"
"PI(37:3)",-1.14863187124739,1.2580609222708,"non-sig"
"PI(37:4)",-0.0508118100777786,0.0433514207947967,"non-sig"
"PI(37:5)",1.49524536370934,0.96657624451305,"non-sig"
"PI(38:2)",-1.3058445257898,2.18508681872493,"PI"
"PI(38:3)",-1.43112166384789,1.27083521030723,"non-sig"
"PI(38:4)",-1.24571646083713,1.71669877129645,"PI"
"PI(38:5)",1.51020750070708,1.07314329105031,"non-sig"
"PI(38:6)",-0.271588482878734,0.215382707367125,"non-sig"
"PI(38:7)",3.50920902073613,1.59345981956604,"PI"
"PI(39:4)",-0.687694451431319,0.481486060122112,"non-sig"
"PI(39:5)",1.34639644562054,1.43297363384094,"PI"
"PI(39:6)",-0.453048506049225,0.365522729839268,"non-sig"
"PI(40:4)",-1.07208414007351,1.33535802444387,"PI"
"PI(40:5)",-1.44099763266785,1.05453141486818,"non-sig"
"PI(40:6)",-1.03611476496565,1.00612308505879,"non-sig"
"PI(40:7)",0.788711059194512,0.568636235841013,"non-sig"
"PI(40:8)",0.998354011797016,1.26042765554991,"non-sig"
"PI(O-38:4)",-1.01386442729267,1.30980391997149,"PI"
"PI(O-38:5)",-0.246405943829853,0.567030709125594,"non-sig"
"PS(34:2)",0.86938742514543,0.549750891680639,"non-sig"
"PS(36:1)",0.417098642458736,0.1944991418416,"non-sig"
"PS(36:2)",1.19193909280184,0.647817481888638,"non-sig"
"PS(36:4)",0.787816077597146,0.571865205971211,"non-sig"
"PS(38:4)",0.556703188058957,0.400116927926312,"non-sig"
"PS(38:5)",0.994045903698144,0.435333935747911,"non-sig"
"PS(38:6)",0.470839693781453,0.393618634889395,"non-sig"
"PS(40:4)",0.528991680731281,0.339134521996131,"non-sig"
"PS(40:5)",1.12300021518865,0.59176003468815,"non-sig"
"PS(40:6)",0.465770250730543,0.30803489723264,"non-sig"
"PS(40:7)",1.16084300519704,0.507239610973163,"non-sig"
"PS(40:8)",1.05283089490033,0.507239610973163,"non-sig"
"PS(42:10)",1.1025612296379,0.411168274405793,"non-sig"
"SE(28:1/18:1)",0.402078840599827,0.24033215531037,"non-sig"
"SE(28:1/18:2)",0.146018870668833,0.20690839982342,"non-sig"
"SE(28:1/20:4)",-0.309296381155967,0.42712839779952,"non-sig"
"SE(28:1/22:6)",-1.06405798443942,2.00043451177402,"ST"
"SE(29:1/18:2)",0.0660834717672785,0.0893755951107988,"non-sig"
"SE(29:1/20:4)",-0.581510578009503,0.97469413473523,"non-sig"
"SE(29:1/22:6)",0.00132024331625402,0.00130484168834428,"non-sig"
"SL(31:0)",-1.85183836353439,1.19382002601611,"non-sig"
"SL(32:0)",-1.65466400285391,1.26440110030182,"non-sig"
"SL(32:1)",-1.89032393002397,1.28650945690606,"non-sig"
"SL(33:0)",-1.97358362016292,1.35753547975788,"Other"
"SL(33:1)",-1.71263611026042,1.3429441471429,"Other"
"SL(34:0)",-2.38013926707951,1.34008379993015,"Other"
"SL(34:1)",-1.65101876922126,1.52724355068279,"Other"
"SL(35:0)",-2.23341083795138,1.38933983691012,"Other"
"SL(35:1)",-2.2349840185547,1.34582345812204,"Other"
"SM(28:1)",-2.27725247670072,1.51855737149769,"SM"
"SM(30:1)",-1.84831687736341,1.24641694110709,"non-sig"
"SM(31:1)",-1.35800452212024,1.83564714421556,"SM"
"SM(32:0)",-2.78878763216886,1.06348625752111,"non-sig"
"SM(32:1)",-1.83459391504438,1.84466396253494,"SM"
"SM(32:2)",-2.282462252856,3.17069622716898,"SM"
"SM(33:0)",-1.97206161087421,0.835647144215563,"non-sig"
"SM(33:1)",-1.43248948006931,2.03385826726097,"SM"
"SM(34:0)",-2.2243306687487,0.899629454882437,"non-sig"
"SM(34:1)",-1.17669330550637,1.5016894462104,"SM"
"SM(34:2)",-1.62917188592398,1.6252516539899,"SM"
"SM(35:0)",-2.90138256250549,0.844663962534938,"non-sig"
"SM(35:1)",-1.71659720269441,1.71444269099223,"SM"
"SM(35:2)",-0.965692245194418,1.6903698325741,"SM"
"SM(36:0)",-2.78088182961294,0.913640169325252,"non-sig"
"SM(36:1)",-1.92001472964502,1.46980030179692,"SM"
"SM(36:2)",-1.1862227925626,1.13906337929991,"non-sig"
"SM(36:3)",-1.3809321896056,1.04143611677803,"non-sig"
"SM(36:4)",-1.00878904126029,1.13076828026902,"non-sig"
"SM(37:0)",-3.18353092659014,0.958607314841775,"non-sig"
"SM(37:1)",-2.04423756024193,1.28567024025477,"non-sig"
"SM(37:2)",-1.27025101529672,1.36351210364663,"SM"
"SM(38:0)",-2.92417770952862,1.03432802877989,"non-sig"
"SM(38:1)",-1.74576927012408,1.69250396208679,"SM"
"SM(38:2)",-0.672455538931349,1.20760831050175,"non-sig"
"SM(38:3)",-0.743874206514576,0.392544976785331,"non-sig"
"SM(38:4)",-1.5439179709088,0.503070351926785,"non-sig"
"SM(39:1)",-1.4439444599409,1.61978875828839,"SM"
"SM(39:2)",-1.82308634899331,1.93181413825384,"SM"
"SM(40:0)",-1.29711373991306,1.44611697335613,"SM"
"SM(40:1)",-1.0328924260884,2.16304326294045,"SM"
"SM(40:2)",-1.06539682911642,2.19791074211827,"SM"
"SM(40:3)",-0.57958187403019,0.580044251510242,"non-sig"
"SM(40:4)",-0.67833184227424,0.45717457304082,"non-sig"
"SM(40:5)",0.0810352773960865,0.048176964684088,"non-sig"
"SM(40:6)",-0.767853378961831,0.247183568811729,"non-sig"
"SM(40:7)",0.314910910417847,0.34008379993015,"non-sig"
"SM(40:8)",0.593308805578737,1.11861534322943,"non-sig"
"SM(41:0)",-1.17051127212101,1.73048705578208,"SM"
"SM(41:1)",-1.37578831761074,1.76700388960785,"SM"
"SM(41:2)",-1.19258160033161,1.76955107862173,"SM"
"SM(41:3)",-0.995258107453797,1.53760200210104,"SM"
"SM(41:6)",-1.31577517271869,0.619788758288394,"non-sig"
"SM(42:0)",-1.13734731221932,1.59516628338006,"SM"
"SM(42:1)",-1.74126688541534,1.67571754470231,"SM"
"SM(42:2)",-1.14530527305464,1.82973828460504,"SM"
"SM(42:3)",-0.921796890209059,1.58670023591875,"SM"
"SM(42:4)",-0.277051528081465,0.684029654543082,"non-sig"
"SM(42:5)",-1.00643974908828,0.503070351926785,"non-sig"
"SM(42:6)",-0.704729732216865,0.327902142064283,"non-sig"
"SM(42:7)",-0.453221751197137,0.31695296176115,"non-sig"
"SM(42:8)",0.277341737687571,0.251037138743839,"non-sig"
"SM(43:1)",-1.28741912880249,1.35556141053216,"SM"
"SM(43:2)",-1.52913829155962,1.57511836336893,"SM"
"SM(43:3)",-1.0118908106886,1.6458915608526,"SM"
"SM(44:1)",-0.379453309533094,0.355561410532161,"non-sig"
"SM(44:2)",-1.40092375116192,1.1266793981846,"non-sig"
"SM(44:3)",-1.36080467901105,1.27984069659404,"non-sig"
"SM(44:5)",-0.914760137962311,0.94692155651658,"non-sig"
"SM(44:6)",-1.1251532880391,0.610833915635468,"non-sig"
"SM(50:2)",-1.60427350245071,1.44977164694491,"SM"
"SM(52:2)",-1.99275171082263,1.51286162452281,"SM"
"SM(52:3)",-0.932033608183691,1.21467016498923,"non-sig"
"SM(52:4)",-0.58119053303334,0.462180904926726,"non-sig"
"SM(54:2)",-1.28172658515892,1.07779372256098,"non-sig"
"SM(54:3)",-1.25898684469728,1.39040559077478,"SM"
"SM(56:2)",-1.92270125346104,1.70114692359029,"SM"
"SM(57:2)",-1.76345342003783,1.48412615628832,"SM"
"SM(58:2)",-1.86962487262835,1.42136079003193,"SM"
"SM(58:3)",-1.12779914930207,1.27901425584626,"non-sig"
"SM(58:4)",-0.394064951669048,0.519993057042849,"non-sig"
"SM(59:2)",-2.16767685763082,1.7281583934635,"SM"
"SM(60:2)",-2.22507031629155,1.55909091793478,"SM"
"SM(60:3)",-1.44934024162386,1.89962945488244,"SM"
"SM(60:4)",-0.554239777412075,0.84163750790475,"non-sig"
"SM(60:5)",-0.333965858679537,0.407823242604133,"non-sig"
"ST(27:0)",-1.04902624384487,0.546681659952962,"non-sig"
"ST(27:1)",-0.984757044177851,1.43179827593301,"ST"
"ST(28:1)",-1.55503735245999,0.619788758288394,"non-sig"
"ST(28:2)",-1.10937139251267,0.467245621007502,"non-sig"
"ST(29:1)",-1.00435972364736,0.378823718224965,"non-sig"
"ST(29:2)",-0.621513707810582,0.387216143280265,"non-sig"
"TG(42:0)",0.428361547308235,0.45717457304082,"non-sig"
"TG(42:1)",0.182673858494436,0.108462542327436,"non-sig"
"TG(42:2)",-0.339958008133419,0.153044674980176,"non-sig"
"TG(44:0)",0.127834552956664,0.106793246940152,"non-sig"
"TG(44:1)",-0.095647468019834,0.0574958938319193,"non-sig"
"TG(44:2)",-0.479321487662137,0.30189945437661,"non-sig"
"TG(44:3)",-1.69194984159179,0.707743928643524,"non-sig"
"TG(45:0)",0.00507599937949976,0.00921730819686218,"non-sig"
"TG(46:0)",-0.0763784049809715,0.0570004066339595,"non-sig"
"TG(46:1)",0.410162113208681,0.177178354696895,"non-sig"
"TG(46:2)",-0.429418455339778,0.46344155742847,"non-sig"
"TG(46:3)",-1.5267526280102,0.98296666070122,"non-sig"
"TG(46:4)",-2.10232290783099,1.07109230975605,"non-sig"
"TG(47:0)",0.138187783256384,0.167491087293764,"non-sig"
"TG(47:1)",0.132574915656949,0.113509274827518,"non-sig"
"TG(47:2)",-0.0817873347615503,0.0925886392254138,"non-sig"
"TG(48:0)",-0.173672672996606,0.130181792020672,"non-sig"
"TG(48:1)",-0.415656945845463,0.282329496997738,"non-sig"
"TG(48:2)",-0.973072066545289,0.657577319177794,"non-sig"
"TG(48:3)",-0.504241328449464,0.756961951313706,"non-sig"
"TG(48:4)",-1.23864013100507,1.13786862068696,"non-sig"
"TG(48:5)",-1.75494908166411,1.00788851221305,"non-sig"
"TG(48:6)",-2.03496212251724,0.790484985457369,"non-sig"
"TG(49:0)",-0.097236040655087,0.07727454200674,"non-sig"
"TG(49:1)",-0.0609890433702311,0.0443122496864942,"non-sig"
"TG(49:2)",-0.432014737435672,0.287350298372789,"non-sig"
"TG(49:3)",-1.64954051215278,0.422508200162775,"non-sig"
"TG(49:4)",-0.936702484680964,0.669586226650809,"non-sig"
"TG(50:0)",0.31399451911787,0.365522729839268,"non-sig"
"TG(50:1)",-0.795994893320252,0.686132779630847,"non-sig"
"TG(50:2)",-0.663119782394343,0.721246399047171,"non-sig"
"TG(50:3)",-0.91275416908061,1.03338901331807,"non-sig"
"TG(50:4)",-0.734978550711684,1.42136079003193,"TG"
"TG(50:5)",-0.871217522967278,1.73518217699046,"TG"
"TG(50:6)",-1.45336901128358,0.97061622231479,"non-sig"
"TG(50:7)",-1.75222494933013,0.742321425130815,"non-sig"
"TG(50:8)",-1.61691451611232,0.714442690992226,"non-sig"
"TG(51:0)",0.276855150419181,0.286509456906058,"non-sig"
"TG(51:1)",-0.508458326037307,0.391473966422806,"non-sig"
"TG(51:2)",-0.553420441054733,0.468521082957745,"non-sig"
"TG(51:3)",-1.15469327509755,0.943095148663527,"non-sig"
"TG(51:4)",-0.242542443889633,0.199282921717615,"non-sig"
"TG(51:5)",-0.327036482683148,0.243363891754152,"non-sig"
"TG(51:6)",-0.651772172413253,0.326058001365912,"non-sig"
"TG(52:0)",0.370393522380532,0.396855627379818,"non-sig"
"TG(52:1)",-0.791720716561073,0.519993057042849,"non-sig"
"TG(52:2)",-1.44473379110521,2.15428198203334,"TG"
"TG(52:3)",-1.185670989732,1.90657831483776,"TG"
"TG(52:4)",-0.599634615253667,0.744727494896694,"non-sig"
"TG(52:5)",-0.970504748000582,0.863279432843593,"non-sig"
"TG(52:6)",-0.438940879502777,0.590066876668705,"non-sig"
"TG(52:7)",-1.37996718715453,0.821023052706831,"non-sig"
"TG(52:8)",-1.60395144773288,0.690369832574101,"non-sig"
"TG(52:9)",-1.83372874425043,0.657577319177794,"non-sig"
"TG(53:0)",0.139367276901766,0.174573882232177,"non-sig"
"TG(53:1)",-0.142014023379655,0.0700704399154121,"non-sig"
"TG(53:2)",-0.941420138439323,1.5003129173816,"TG"
"TG(53:3)",-0.919133564418626,1.00043451177402,"non-sig"
"TG(53:4)",-0.795701677007639,0.950781977329818,"non-sig"
"TG(53:5)",-1.54471549529541,0.621602099051862,"non-sig"
"TG(53:6)",-0.248346484331634,0.131355561605174,"non-sig"
"TG(53:7)",-0.933663782803279,0.472370099128661,"non-sig"
"TG(53:8)",-0.914891634991996,0.480172006224281,"non-sig"
"TG(54:0)",0.00975306107795149,0.0109953843014632,"non-sig"
"TG(54:1)",-0.318959669719572,0.157390760389438,"non-sig"
"TG(54:10)",-1.29295638352944,0.503070351926785,"non-sig"
"TG(54:2)",-1.05916707678328,1.05256627811295,"non-sig"
"TG(54:3)",-1.19201325124596,1.44129142946683,"TG"
"TG(54:4)",-0.978811473249934,1.39254497678533,"TG"
"TG(54:5)",-0.506962014541163,0.886056647693163,"non-sig"
"TG(54:6)",-0.340738061580527,0.20690839982342,"non-sig"
"TG(54:7)",-1.17657382324102,0.692503962086787,"non-sig"
"TG(54:8)",-1.19532688366259,0.655607726314889,"non-sig"
"TG(54:9)",-1.06081101007277,0.59176003468815,"non-sig"
"TG(55:0)",-0.123314012688599,0.20690839982342,"non-sig"
"TG(55:1)",-0.480419277122223,0.26440110030182,"non-sig"
"TG(55:2)",-0.677452498181452,0.462180904926726,"non-sig"
"TG(55:3)",-0.907650214945555,1.11861534322943,"non-sig"
"TG(55:4)",-0.860475595964385,1.17069622716898,"non-sig"
"TG(55:5)",-0.176738967089463,0.211831628858832,"non-sig"
"TG(55:6)",-0.210514087830255,0.1944991418416,"non-sig"
"TG(55:7)",-0.405919414850036,0.542118103266008,"non-sig"
"TG(55:8)",0.462622387462744,0.593459819566045,"non-sig"
"TG(55:9)",-0.649174776088664,0.374687549038326,"non-sig"
"TG(56:0)",-0.939671594684818,0.667561540084395,"non-sig"
"TG(56:1)",-1.07924909753021,0.616184634019569,"non-sig"
"TG(56:10)",-1.188702546953,0.578396073130169,"non-sig"
"TG(56:11)",-1.01896495279923,0.46344155742847,"non-sig"
"TG(56:12)",-1.38698231531151,0.511449283499556,"non-sig"
"TG(56:2)",-1.47520153738708,1.34872198600186,"TG"
"TG(56:3)",-1.48230091335521,2.73282827159699,"TG"
"TG(56:4)",-1.30473351889135,2.90308998699194,"TG"
"TG(56:5)",-0.479076470257954,0.52432881167557,"non-sig"
"TG(56:6)",-0.507797546523015,0.718966632752272,"non-sig"
"TG(56:7)",-0.258408806425599,0.987162775294828,"non-sig"
"TG(56:8)",-0.339455640397848,0.295849483160201,"non-sig"
"TG(56:9)",-0.643601011167529,0.464705879957229,"non-sig"
"TG(57:1)",-0.728793731542137,0.480172006224281,"non-sig"
"TG(57:10)",-0.609018888935779,0.361510743045363,"non-sig"
"TG(57:2)",-0.868063668401238,0.485452247339714,"non-sig"
"TG(57:3)",-0.892163005205532,0.533132379645891,"non-sig"
"TG(57:4)",-0.643901121392236,0.455931955649724,"non-sig"
"TG(57:5)",-0.616279526577507,1.38615817812393,"TG"
"TG(57:6)",-0.222880125786205,0.3585258894959,"non-sig"
"TG(57:7)",-0.109079092412518,0.112945621949043,"non-sig"
"TG(57:8)",-0.141140332185547,0.130181792020672,"non-sig"
"TG(57:9)",-0.334636940926419,0.274905478918531,"non-sig"
"TG(58:0)",-0.993120763939743,0.621602099051862,"non-sig"
"TG(58:1)",-1.06891950018148,0.621602099051862,"non-sig"
"TG(58:10)",0.158817066869926,0.247183568811729,"non-sig"
"TG(58:11)",-0.533714477162352,0.24184537803261,"non-sig"
"TG(58:12)",-1.03224422282561,0.453457336521869,"non-sig"
"TG(58:13)",-1.30702719338265,0.527243550682788,"non-sig"
"TG(58:2)",-1.39002270898943,0.790484985457369,"non-sig"
"TG(58:3)",-1.5537482206503,1.20065945054642,"non-sig"
"TG(58:4)",-1.60833223253199,1.35359627377693,"TG"
"TG(58:5)",-1.04519799218845,1.53017798402184,"TG"
"TG(58:6)",-0.5012603835584,0.742321425130815,"non-sig"
"TG(58:7)",-0.183049024507422,0.249491605148654,"non-sig"
"TG(58:8)",-0.602466482999464,2.014573525917,"TG"
"TG(58:9)",-0.395514756924378,0.496209316942819,"non-sig"
"TG(59:11)",-0.476332932552559,0.421360790031928,"non-sig"
"TG(59:2)",-0.933100263453934,0.508638306165727,"non-sig"
"TG(59:3)",-1.06551348653069,0.543633966870957,"non-sig"
"TG(59:4)",-0.736996809549101,0.476253533188435,"non-sig"
"TG(59:5)",0.0231446018476618,0.0114410431213845,"non-sig"
"TG(59:9)",-0.243513152907667,0.258848401148215,"non-sig"
"TG(60:1)",-1.10705564738824,0.617982957425132,"non-sig"
"TG(60:10)",0.430533132179221,0.694648630553376,"non-sig"
"TG(60:11)",0.320916654759628,0.866461091629782,"non-sig"
"TG(60:12)",0.416344574979977,0.530177984021837,"non-sig"
"TG(60:13)",-0.180101041057473,0.0851281824599496,"non-sig"
"TG(60:14)",-0.395943960473915,0.120904120499927,"non-sig"
"TG(60:2)",-1.25997115329391,0.701146923590293,"non-sig"
"TG(60:3)",-1.46077398535521,0.847711655616944,"non-sig"
"TG(60:4)",-1.55851359482615,0.866461091629782,"non-sig"
"TG(60:5)",-0.950988165746676,0.91721462968355,"non-sig"
"TG(60:6)",-0.458439413551158,0.302770657240282,"non-sig"
"TG(60:7)",-0.333481565926025,0.220403508742175,"non-sig"
"TG(60:8)",-0.125081665120451,0.0788339493622613,"non-sig"
"TG(60:9)",0.249380105172062,0.400116927926312,"non-sig"
"TG(61:2)",-1.50928722339713,0.847711655616944,"non-sig"
"TG(61:3)",-1.64688487594194,0.709965388637482,"non-sig"
"TG(61:4)",-1.19405690871017,0.707743928643524,"non-sig"
"TG(62:1)",-1.21678287736127,0.625251653989896,"non-sig"
"TG(62:10)",0.266647733126593,0.163675884293248,"non-sig"
"TG(62:11)",0.358655280068366,0.366531544420413,"non-sig"
"TG(62:12)",0.956758507456719,1.15614457737684,"non-sig"
"TG(62:13)",0.489107906996665,1.59345981956604,"TG"
"TG(62:14)",0.735327613440131,0.844663962534938,"non-sig"
"TG(62:15)",0.0645556739573578,0.0259490972071227,"non-sig"
"TG(62:16)",-0.895454408471213,0.330683119433888,"non-sig"
"TG(62:2)",-1.52286007482434,0.703334809738469,"non-sig"
"TG(62:3)",-1.7926390493741,0.688246138944246,"non-sig"
"TG(62:4)",-1.38283860919609,0.718966632752272,"non-sig"
"TG(62:8)",0.126793465197306,0.0629838925351858,"non-sig"
"TG(62:9)",0.910378843714483,0.485452247339714,"non-sig"
"TG(64:11)",1.07304079989124,0.563837352959244,"non-sig"
"TG(64:12)",0.250645428352538,0.175874166083451,"non-sig"
"TG(64:13)",-0.195736754822693,0.382999658879101,"non-sig"
"TG(64:14)",0.338497603731806,0.344861565188618,"non-sig"
"TG(64:15)",0.417850690521696,0.22548303427145,"non-sig"
"TG(64:16)",0.928672918931934,0.806875401645538,"non-sig"
"TG(64:17)",0.119650241790961,0.0491485411114536,"non-sig"
"TG(64:2)",-1.43046059809596,0.667561540084395,"non-sig"
"TG(64:3)",-1.59977445041974,0.583359492661719,"non-sig"
"TG(65:3)",-1.76625352903722,0.681936665037238,"non-sig"
"TG(66:16)",1.01642694749619,0.829738284605043,"non-sig"
"TG(66:18)",1.07056945625266,0.821023052706831,"non-sig"
"TG(66:2)",-1.83957562420711,0.96657624451305,"non-sig"
"TG(66:3)",-1.93401124137759,0.785156151952302,"non-sig"
"TG(67:2)",-1.99084181684157,1.00524305541237,"non-sig"
"TG(67:3)",-1.94236654169762,0.795880017344075,"non-sig"
"TG(67:4)",-2.08975424740561,0.863279432843593,"non-sig"
"TG(68:2)",-1.85346020335257,1.02594909720712,"non-sig"
"TG(68:3)",-1.76491179819213,0.889410289700751,"non-sig"
"TG(68:4)",-2.12254735504631,0.950781977329818,"non-sig"
"TG(69:3)",-2.3198516709874,1.57186520597121,"TG"
"TG(69:4)",-2.22090266109749,1.12205304837081,"non-sig"
"TG(69:5)",-1.64189528006462,0.480172006224281,"non-sig"
"TG(70:3)",-1.53272825020007,1.22112552799726,"non-sig"
"TG(70:4)",-1.67651752793099,0.910094888560602,"non-sig"
"TG(70:5)",-1.69785692354613,0.663540266151471,"non-sig"
"TG(70:6)",0.31602435778224,0.128427064454121,"non-sig"
"TG(72:5)",-0.122747530673855,0.0570004066339595,"non-sig"
"TG(72:6)",0.126915299423473,0.058488567365597,"non-sig"
"TG(72:7)",0.628249311487991,0.244125144327509,"non-sig"
"TG(O-48:0)",-0.86111577421125,0.415668775632469,"non-sig"
"TG(O-48:1)",-1.02703125054241,0.826813731587726,"non-sig"
"TG(O-48:2)",-0.783970904162896,0.300162274132754,"non-sig"
"TG(O-49:0)",-0.718654963417066,0.388276691992658,"non-sig"
"TG(O-49:1)",-0.836716937440325,0.576754126063192,"non-sig"
"TG(O-50:0)",-0.970127196619483,0.507239610973163,"non-sig"
"TG(O-50:1)",-1.20562086797591,0.688246138944246,"non-sig"
"TG(O-50:2)",-1.16245752299562,0.414539270491499,"non-sig"
"TG(O-50:3)",-1.10086550896316,0.434152181326482,"non-sig"
"TG(O-51:0)",-0.556383046164449,0.294136287716081,"non-sig"
"TG(O-51:1)",-1.03233417001375,0.595166283380062,"non-sig"
"TG(O-51:2)",-0.75433963913456,0.286509456906058,"non-sig"
"TG(O-52:0)",-0.834350279266275,0.546681659952962,"non-sig"
"TG(O-52:1)",-1.55295586765488,0.75448733218585,"non-sig"
"TG(O-52:2)",-1.3895668691771,0.478861916295964,"non-sig"
"TG(O-52:3)",-1.29797367230375,0.500312917381596,"non-sig"
"TG(O-52:4)",-1.32836707842422,0.42021640338319,"non-sig"
"TG(O-53:0)",-0.335920044613388,0.200659450546418,"non-sig"
"TG(O-53:1)",-1.22467466331251,0.612610173661271,"non-sig"
"TG(O-53:2)",-0.992023275347794,0.422508200162775,"non-sig"
"TG(O-53:3)",-1.14524772203881,0.500312917381596,"non-sig"
"TG(O-54:0)",-0.530436099275985,0.417936637088291,"non-sig"
"TG(O-54:1)",-1.58264207376527,0.744727494896694,"non-sig"
"TG(O-54:2)",-1.38294881196632,0.557520230935551,"non-sig"
"TG(O-54:3)",-1.96322475931499,0.899629454882437,"non-sig"
"TG(O-54:4)",-1.31671377567779,0.380906669373257,"non-sig"
"TG(O-54:5)",-0.471869749458715,0.279840696594043,"non-sig"
"TG(O-55:0)",-0.176074099345357,0.122628654130226,"non-sig"
"TG(O-55:1)",-1.04167433232894,0.512861624522813,"non-sig"
"TG(O-55:2)",-0.938978546399518,0.458420756053419,"non-sig"
"TG(O-55:3)",-1.06391594088123,0.593459819566045,"non-sig"
"TG(O-56:0)",-0.299392429888726,0.298432014944073,"non-sig"
"TG(O-56:1)",-1.43743828417515,0.684029654543082,"non-sig"
"TG(O-56:2)",-1.43726533623346,0.677780705266081,"non-sig"
"TG(O-56:3)",-1.6003654721425,0.694648630553376,"non-sig"
"TG(O-56:4)",-1.18665646637115,0.527243550682788,"non-sig"
"TG(O-56:5)",-1.01269632683536,0.872895201635192,"non-sig"
"TG(O-56:6)",-0.535924923696765,0.224025668870631,"non-sig"
"TG(O-56:7)",-0.555802792228008,0.327902142064283,"non-sig"
"TG(O-56:8)",0.162532272646132,0.0428718023231869,"non-sig"
"TG(O-57:1)",-0.981834534152501,0.480172006224281,"non-sig"
"TG(O-57:2)",-0.975243430787749,0.54515513999149,"non-sig"
"TG(O-57:3)",-0.809560257329764,0.508638306165727,"non-sig"
"TG(O-57:4)",-0.56423009969712,0.444905551421681,"non-sig"
"TG(O-58:0)",-0.363718905388716,0.486782399932061,"non-sig"
"TG(O-58:1)",-1.24657017195587,0.688246138944246,"non-sig"
"TG(O-58:2)",-1.50118122294959,0.737548910269571,"non-sig"
"TG(O-58:3)",-1.28863950549563,0.623423042943488,"non-sig"
"TG(O-58:4)",-1.15729564089774,0.585026652029182,"non-sig"
"TG(O-58:5)",-0.852458101765308,0.782516055786094,"non-sig"
"TG(O-58:6)",-0.963152271819517,0.531652669587843,"non-sig"
"TG(O-58:7)",-0.483916370880042,0.346787486224656,"non-sig"
"TG(O-58:8)",0.0357558081990135,0.0132282657337552,"non-sig"
"TG(O-59:1)",-1.02549708701605,0.481486060122112,"non-sig"
"TG(O-59:2)",-1.07008351326914,0.562249437179612,"non-sig"
"TG(O-59:3)",-0.708001011196682,0.441291429466834,"non-sig"
"TG(O-60:1)",-1.23290103900423,0.718966632752272,"non-sig"
"TG(O-60:2)",-1.40478318284881,0.681936665037238,"non-sig"
"TG(O-60:3)",-1.14468173646112,0.621602099051862,"non-sig"
"TG(O-60:4)",-0.319582651060113,0.255707016877324,"non-sig"
"TG(O-60:5)",-0.555130272737916,0.492144128304169,"non-sig"
"TG(O-60:6)",-0.509113827047315,0.267606240177031,"non-sig"
"TG(O-60:7)",-0.644169526243914,0.45717457304082,"non-sig"
"TG(O-60:8)",-0.133599686207987,0.0830199526796178,"non-sig"
"TG(O-62:1)",-1.30627146668357,0.653647025549361,"non-sig"
"TG(O-62:2)",-1.5214928280392,0.667561540084395,"non-sig"
"TG(O-62:3)",-1.44560042215764,0.663540266151471,"non-sig"
"TG(O-62:6)",-0.466573782278374,0.31069114087638,"non-sig"
"TG(O-62:7)",-0.958816439329777,0.517126416391246,"non-sig"
"TG(O-62:8)",-0.47152355056997,0.357535479757879,"non-sig"
"TG(O-64:3)",-1.34688198358385,0.605548319173784,"non-sig"
"TG(O-64:8)",-0.707046564062821,0.438898616350944,"non-sig"
