"lipid","log2FC","neg_log10_pvalue","lipid_class"
"CER(32:1;O2)",0.10881127006781,0.657116652118242,"non-sig"
"CER(33:1;O2)",-0.0184080199416055,0.0361239942155287,"non-sig"
"CER(34:0;O2)",0.285395246384941,2.80688529350524,"CER"
"CER(34:0;O3)",-0.536493424684122,0.767109902330794,"non-sig"
"CER(34:1;O2)",0.939681191419334,16.5779939356869,"CER"
"CER(34:2;O2)",0.366773702899478,4.6368157020089,"CER"
"CER(36:1;O2)",1.01074211255654,13.0552797182576,"CER"
"CER(37:1;O2)",0.413588912544065,5.08408504146099,"CER"
"CER(38:0;O2)",-0.274853200914176,1.25072381554588,"non-sig"
"CER(38:0;O3)",0.469261037282149,1.44990275328721,"CER"
"CER(38:1;O2)",0.0522802183508433,0.173245027430998,"non-sig"
"CER(39:0;O2)",-0.567797386665479,3.88654438195859,"CER"
"CER(39:1;O2)",-0.516925552154406,3.15685969230053,"CER"
"CER(40:0;O2)",-1.15272701070995,11.6554155983168,"CER"
"CER(40:0;O3)",-0.234533665743065,1.43409721749998,"CER"
"CER(40:1;O2)",-0.252182929102867,1.848347299762,"CER"
"CER(40:2;O2)",-0.00308367687306384,0.0100113811469037,"non-sig"
"CER(40:3;O2)",0.188872524953977,0.638143967097151,"non-sig"
"CER(41:0;O2)",-1.09770563079032,10.0988812377294,"CER"
"CER(41:0;O3)",-0.27039429417604,1.14678753058885,"non-sig"
"CER(41:1;O2)",-0.572741879820913,5.85132812020793,"CER"
"CER(41:1;O3)",0.364696084350606,2.48018960230281,"CER"
"CER(41:2;O2)",-0.433434952380847,3.45294010118387,"CER"
"CER(42:0;O2)",-1.36563010821259,13.1055956619698,"CER"
"CER(42:0;O3)",-0.496091272191848,3.94754147455003,"CER"
"CER(42:1;O2)",-0.690672019269442,7.67239680390434,"CER"
"CER(42:1;O3)",-0.124520986414426,0.323515718229646,"non-sig"
"CER(42:2;O2)",0.146926885762553,0.961664372762099,"non-sig"
"CER(42:2;O3)",-0.0500179067356166,0.145097072791226,"non-sig"
"CER(42:3;O2)",0.449791679101144,4.87934342701206,"CER"
"CER(43:0;O2)",-0.725846723583093,8.72909064387401,"CER"
"CER(43:0;O3)",-0.265323999106545,1.26954626567315,"non-sig"
"CER(43:1;O2)",-0.0806584290631036,1.36466621790521,"CER"
"CER(43:2;O2)",-0.381904710536147,2.88519536376128,"CER"
"CER(44:0;O2)",-0.867285364400527,7.13573493654831,"CER"
"CER(44:0;O3)",0.0876774667597063,0.0779644142361671,"non-sig"
"CER(44:1;O2)",-1.10142541414364,12.3220605262872,"CER"
"CER(44:2;O2)",-0.253095290740807,1.96671599917225,"CER"
"CER(46:0;O2)",-0.191605535030877,0.43522050220063,"non-sig"
"CER(46:0;O3)",-0.184246737796109,0.0823091824226192,"non-sig"
"DG(34:0)",-0.154313068086019,0.240790417139278,"non-sig"
"DG(34:1)",0.251701923561261,0.842825329330174,"non-sig"
"DG(34:2)",0.271028472126366,1.02868087914675,"non-sig"
"DG(34:3)",-0.302410942501794,1.01103355380859,"non-sig"
"DG(34:4)",-0.800840245697269,3.43731828016889,"DG"
"DG(35:2)",-0.160577899598416,0.404194846234605,"non-sig"
"DG(36:1)",0.149930585478624,0.342004408551591,"non-sig"
"DG(36:2)",0.191303591396881,0.696079852927581,"non-sig"
"DG(36:3)",0.310454101438768,1.41636903907512,"DG"
"DG(36:4)",0.306498546898811,1.05367570521316,"non-sig"
"DG(36:5)",-0.320547060984935,0.913415793278038,"non-sig"
"DG(38:2)",0.00857462746727015,0.0154641198014439,"non-sig"
"DG(38:3)",0.0607028486311709,0.157570223313307,"non-sig"
"DG(38:4)",0.0451048534353358,0.103108725336867,"non-sig"
"DG(38:5)",0.186873792409236,0.602672086282285,"non-sig"
"DG(38:6)",0.172789242505647,0.45739599654273,"non-sig"
"DG(38:7)",-0.20492279095935,0.365297911732953,"non-sig"
"DG(40:5)",0.217746775143987,0.626426442332853,"non-sig"
"DG(40:6)",0.239583320770271,0.729420602123849,"non-sig"
"DG(40:7)",0.364663545147692,1.0422781594951,"non-sig"
"DG(40:8)",0.473542504894907,1.46094910406121,"DG"
"DG(42:10)",0.199475377812318,0.327927329698632,"non-sig"
"DG(42:8)",-0.253170592182338,0.893283575983237,"non-sig"
"DG(44:12)",-0.37479830789313,0.326339629744898,"non-sig"
"DG(O-34:0)",-0.673352252767146,2.1040497062659,"DG"
"DG(O-36:0)",-0.580681773886058,3.60486775629079,"DG"
"DG(O-36:1)",-0.359900980766572,0.85311309948822,"non-sig"
"DG(O-38:1)",-0.240565702215845,0.769611452452771,"non-sig"
"DG(O-40:3)",0.0910466506348137,0.39118086819572,"non-sig"
"DG(O-42:2)",-0.0975002628439783,0.211518581991347,"non-sig"
"DG(O-42:3)",-0.293852115900247,0.882804419045913,"non-sig"
"FA13:1",-0.0351620069542564,0.12956262227246,"non-sig"
"FA14:0",-0.0218645517073446,0.0475267960036404,"non-sig"
"FA14:1",-0.432275285571623,2.78199252940426,"FA"
"FA15:0",-0.138198357358937,0.352395574901318,"non-sig"
"FA15:1",-0.127052558713259,0.938198779742475,"non-sig"
"FA16:0",0.124571317951055,0.633606713469062,"non-sig"
"FA16:1",0.622186512311382,5.35387941191792,"FA"
"FA17:0",0.392557828655898,2.51001709833168,"FA"
"FA17:1",0.163933389860352,1.28288104233305,"non-sig"
"FA18:0",0.224201823482409,2.1801198520826,"FA"
"FA18:1",0.687468092701292,11.1140930706377,"FA"
"FA18:2",0.716816561282518,5.68944943796733,"FA"
"FA18:3",-0.0786464649948334,0.0709921267500791,"non-sig"
"FA19:0",0.18166718441079,2.23255205858479,"FA"
"FA19:1",0.182567557590711,1.44480986311686,"FA"
"FA20:0",-0.476007441315742,1.88083005377231,"FA"
"FA20:1",0.135673329942554,1.05183619745197,"non-sig"
"FA20:2",0.0975759803584402,0.485729208331048,"non-sig"
"FA20:3",-0.126120813787285,0.224048767340317,"non-sig"
"FA20:4",-0.0474874321390209,0.137986597417292,"non-sig"
"FA20:5",0.195580558217287,0.978959473639586,"non-sig"
"FA21:0",0.382611567161287,2.61892022235396,"FA"
"FA21:1",-0.239479175305943,0.704623450077943,"non-sig"
"FA22:0",0.26580373885607,0.643338210348384,"non-sig"
"FA22:1",0.0552780062458745,0.320582007219845,"non-sig"
"FA22:3",-0.0970152061436556,0.353056445314186,"non-sig"
"FA22:4",0.0661794317661552,0.211518581991347,"non-sig"
"FA22:5",0.319476483746192,1.52770256643439,"FA"
"FA22:6",0.0637105756354246,0.144889547178747,"non-sig"
"FA23:0",-0.321110289373777,1.12907800805459,"non-sig"
"FA24:0",-0.0641376618168005,0.0983189978445782,"non-sig"
"FA24:1",0.303724676451279,3.3084430262382,"FA"
"FA25:0",-0.534392279476881,3.06211524120215,"FA"
"FA25:1",-0.314385111252256,2.40626125406384,"FA"
"FA26:0",-0.565342082804097,2.69208029482995,"FA"
"FA26:1",-0.425228788866751,4.2012338641874,"FA"
"FA28:0",-0.291535536493721,0.450957257907345,"non-sig"
"HEX2CER(34:2;O2)",0.0305174100172613,0.12768034898405,"non-sig"
"HEX2CER(42:1;O2)",-0.702293678694924,4.73172322810308,"HEXCER"
"HEX2CER(42:2;O2)",-0.23588046505504,1.52012616362502,"HEXCER"
"HEX3CER(34:1;O2)",-0.135058125932748,0.703986660518381,"non-sig"
"HEXCER(33:1;O2)",-0.219582287747228,1.25112654787898,"non-sig"
"HEXCER(34:0;O2)",0.113514297922425,0.0934397471407174,"non-sig"
"HEXCER(34:1;O2)",0.266924960861423,1.78095674037333,"HEXCER"
"HEXCER(34:1;O3)",-0.588116912338642,5.42230142658047,"HEXCER"
"HEXCER(34:2;O2)",-0.117912742278707,0.522904043405603,"non-sig"
"HEXCER(36:1;O2)",-0.0257662804827572,0.103684600818006,"non-sig"
"HEXCER(38:0;O2)",0.173959103958772,2.15857290865339,"HEXCER"
"HEXCER(38:1;O2)",-0.567570820014555,6.38179650444307,"HEXCER"
"HEXCER(39:1;O2)",-0.999939802585105,9.5181283158311,"HEXCER"
"HEXCER(40:0;O2)",-0.652792811326075,11.2214429974585,"HEXCER"
"HEXCER(40:1;O2)",-0.690218679967666,6.86460257067582,"HEXCER"
"HEXCER(40:2;O2)",-0.581624925709643,6.28323668682131,"HEXCER"
"HEXCER(41:1;O2)",-0.308183526496718,4.40544809729122,"HEXCER"
"HEXCER(41:2;O2)",-0.540723378126757,5.34986011183854,"HEXCER"
"HEXCER(42:0;O2)",-0.489825030608548,4.51702576886422,"HEXCER"
"HEXCER(42:1;O2)",-0.753714203937957,7.13049208232724,"HEXCER"
"HEXCER(42:1;O3)",-0.245183950367544,0.703986660518381,"non-sig"
"HEXCER(42:2;O2)",-0.138442313633604,0.656226543074477,"non-sig"
"HEXCER(42:3;O2)",-0.181389210476805,0.995578336004724,"non-sig"
"HEXCER(42:4;O2)",0.836228101426617,2.91726375275494,"HEXCER"
"HEXCER(43:1;O2)",-0.520715139854724,6.02265826482286,"HEXCER"
"LPC(14:0)",0.0396915958545967,1.01426842203247,"non-sig"
"LPC(14:1)",-0.713356543524769,3.12122679772292,"LPC"
"LPC(15:0)",-0.950057967694328,12.6045286657961,"LPC"
"LPC(15:1)",-0.157292938764079,0.364269186746026,"non-sig"
"LPC(16:0)",-0.362698939918281,7.34726252464885,"LPC"
"LPC(16:1)",-0.418817711170648,3.62905087479961,"LPC"
"LPC(16:2)",-0.385398192652362,3.89436097174268,"LPC"
"LPC(17:0)",-0.878222247949785,12.3220605262872,"LPC"
"LPC(17:1)",-0.719540983703236,8.03148151182299,"LPC"
"LPC(17:2)",0.791835021994331,2.11683915436424,"LPC"
"LPC(18:0)",-0.544118816670118,12.3220605262872,"LPC"
"LPC(18:1)",-0.123382464358467,0.700418914295077,"non-sig"
"LPC(18:2)",-0.597193063686589,9.04696402419622,"LPC"
"LPC(18:3)",-0.643635758142063,3.40706476653032,"LPC"
"LPC(18:4)",-1.42571780912107,4.44548544017062,"LPC"
"LPC(19:0)",-1.03462321257329,13.8538491167618,"LPC"
"LPC(19:1)",-0.628451015790401,6.65329787561238,"LPC"
"LPC(20:0)",-1.52875507179933,12.2206392861111,"LPC"
"LPC(20:1)",-0.674150776222337,5.36870619548478,"LPC"
"LPC(20:2)",-0.489090899163534,4.64316266917824,"LPC"
"LPC(20:3)",-0.588828197499597,1.78061969908847,"LPC"
"LPC(20:4)",-0.32050165194291,1.82672370195385,"LPC"
"LPC(20:5)",-0.848482771868265,3.06767284100201,"LPC"
"LPC(21:0)",-0.927985192329105,8.37110600167484,"LPC"
"LPC(21:1)",1.27674778194801,0.723514133664724,"non-sig"
"LPC(22:0)",-1.94257119088726,11.3248671607151,"LPC"
"LPC(22:1)",-1.33647750089277,3.43122209948425,"LPC"
"LPC(22:2)",-0.305121015007671,2.38688747556759,"LPC"
"LPC(22:3)",-0.360176068531544,1.97127947194543,"LPC"
"LPC(22:4)",-0.507620872414547,2.4032392095693,"LPC"
"LPC(22:5)",-0.341800374778818,1.78820076824106,"LPC"
"LPC(22:6)",-0.212771051061893,1.03816650826939,"non-sig"
"LPC(23:0)",0.935141237910675,0.50262751760194,"non-sig"
"LPC(23:1)",-0.281691845911966,1.20714848012384,"non-sig"
"LPC(24:0)",-1.65732484114299,11.3248671607151,"LPC"
"LPC(24:1)",-1.33806484460089,10.1149205927951,"LPC"
"LPC(24:2)",-0.466688124081465,2.28288428837439,"LPC"
"LPC(24:3)",-0.164064836728385,0.646252175029626,"non-sig"
"LPC(24:5)",-0.80447888007464,3.3971881487234,"LPC"
"LPC(24:6)",-1.77074517080163,6.59938814989023,"LPC"
"LPC(25:0)",-1.49219594906125,12.6045286657961,"LPC"
"LPC(25:1)",0.465331954069066,0.712588640147605,"non-sig"
"LPC(26:0)",-1.26445863813361,10.8430795072171,"LPC"
"LPC(26:1)",-1.3756167761694,11.410881272773,"LPC"
"LPC(26:2)",-0.325810232998836,6.28639930550318,"LPC"
"LPC(26:4)",-1.2412489934586,9.99301780884381,"LPC"
"LPC(O-14:0)",-1.35093566885976,7.27646413060752,"LPC"
"LPC(O-15:0)",-1.44932821054687,11.1139596756195,"LPC"
"LPC(O-16:0)",-0.795610067531211,9.43454394787904,"LPC"
"LPC(O-17:0)",-0.891138478582875,6.29628664589108,"LPC"
"LPC(O-18:0)",-0.703834588142083,6.03313362182684,"LPC"
"LPC(O-18:1)",-0.277704411616893,2.4753875156507,"LPC"
"LPC(O-18:2)",-0.794142327149158,5.56456963986495,"LPC"
"LPC(O-19:0)",-0.989731864595378,7.32322621441084,"LPC"
"LPC(O-20:0)",-0.918213584728893,4.60499219611397,"LPC"
"LPC(O-20:1)",-0.335973879258386,1.13343397767007,"non-sig"
"LPC(O-20:2)",-0.159907073649193,0.540762901568021,"non-sig"
"LPC(O-21:0)",-0.563647057855856,0.729420602123849,"non-sig"
"LPC(O-22:0)",-0.943173435480561,6.01180053885558,"LPC"
"LPC(O-22:1)",-0.637266420763942,2.44988230098743,"LPC"
"LPC(O-22:2)",-0.416356515087199,1.97127947194543,"LPC"
"LPC(O-23:0)",-1.07774380392202,11.5623854166932,"LPC"
"LPC(O-23:1)",-0.630603873247107,2.60069575296905,"LPC"
"LPC(O-24:0)",-0.60931777820143,3.17996458011632,"LPC"
"LPC(O-24:1)",-0.76470607789686,4.11991416569817,"LPC"
"LPC(O-24:2)",-0.814688327527546,6.11756904511386,"LPC"
"LPE(16:0)",0.223075857117908,1.26954626567315,"non-sig"
"LPE(16:1)",-0.42235300449784,1.60999566969845,"LPE"
"LPE(17:0)",-0.0983198587532444,0.484798201953844,"non-sig"
"LPE(18:0)",0.0799776171706202,0.32661067870698,"non-sig"
"LPE(18:1)",-0.459684707064451,2.698538569569,"LPE"
"LPE(18:2)",-0.695136146478233,4.34583334920518,"LPE"
"LPE(18:3)",-1.1276558256844,6.7604344050544,"LPE"
"LPE(20:0)",-0.986594598057504,8.54401987482704,"LPE"
"LPE(20:1)",-0.83677949368711,2.89946309303325,"LPE"
"LPE(20:2)",-0.453633518392456,2.45720618491162,"LPE"
"LPE(20:3)",-0.477791234095637,3.07335674201507,"LPE"
"LPE(20:4)",-0.0673571339033626,0.221768352710877,"non-sig"
"LPE(20:5)",-0.666006585755971,2.61892022235396,"LPE"
"LPE(22:0)",1.07056939574655,1.77223194251755,"LPE"
"LPE(22:4)",-0.1114622547899,0.268851642683767,"non-sig"
"LPE(22:5)",0.18875405906185,0.691017795625139,"non-sig"
"LPE(22:6)",0.168298005356292,0.695289872604184,"non-sig"
"LPE(O-16:1)",-1.07926316783272,5.75211162353496,"LPE"
"LPE(O-18:0)",0.0473524584881885,0.0823091824226192,"non-sig"
"LPE(O-18:1)",-1.27682520702274,11.2976737383149,"LPE"
"LPE(O-20:0)",1.3983406375976,11.1140930706377,"LPE"
"LPE(O-20:1)",-1.37049142050321,10.8892716732802,"LPE"
"LPE(O-22:1)",-1.03743909984642,12.2008991141593,"LPE"
"LPE(O-24:2)",-0.187671897883834,1.19535682804582,"non-sig"
"LPG(18:1)",0.297004042337477,1.60473142895462,"Other"
"LPG(18:2)",0.305711824022676,1.38435160748609,"Other"
"LPI(16:0)",-0.827074688726719,4.20091642950324,"Other"
"LPI(18:0)",-0.671243089841922,4.37388389831943,"Other"
"LPI(18:2)",-0.171217810822368,0.676927588999693,"Other"
"LPI(20:3)",-0.75002357593077,4.52137332720223,"Other"
"LPI(20:4)",-0.419043095346262,2.67993835904638,"Other"
"LPS(18:0)",-2.41317300614503,5.64942648401632,"Other"
"LPS(20:4)",-2.60542206034348,4.14437935855787,"Other"
"PA(34:2)",-0.329932776028599,2.21654872596022,"Other"
"PC(28:0)",-0.0140574974686775,0.574099588642976,"non-sig"
"PC(30:0)",-0.60636275975577,4.10886594837979,"PC"
"PC(31:0)",-0.29828885809569,1.83412554017533,"PC"
"PC(31:3)",0.0858187999179306,0.143133955007661,"non-sig"
"PC(32:0)",0.427342052491607,8.74468155583158,"PC"
"PC(32:1)",0.151363884110364,0.689399065469868,"non-sig"
"PC(32:2)",-1.01334580564197,10.3909197925661,"PC"
"PC(33:0)",-0.41271599144033,4.3032479819141,"PC"
"PC(33:1)",-0.122317555783258,0.554081093165621,"non-sig"
"PC(33:2)",-0.509373972663255,4.96459736766404,"PC"
"PC(33:3)",-0.850078188554747,5.21446577947966,"PC"
"PC(34:0)",-0.389338518496418,5.36870619548478,"PC"
"PC(34:1)",0.202215432459609,4.70721577792862,"PC"
"PC(34:2)",-0.0696550634494832,0.890320926050729,"non-sig"
"PC(34:3)",-0.390287980111474,5.07027897778417,"PC"
"PC(34:4)",-1.48487547456833,12.5123456675781,"PC"
"PC(35:0)",-0.707655058432694,8.2648456644726,"PC"
"PC(35:1)",-0.030299717827266,0.126349013083697,"non-sig"
"PC(35:2)",-0.447901112405193,6.14857399886202,"PC"
"PC(35:3)",-0.825518726042978,12.3220605262872,"PC"
"PC(35:4)",-0.534672238068251,7.16337266175389,"PC"
"PC(36:0)",-0.83017867276811,10.9935516049191,"PC"
"PC(36:1)",-0.0207184844099301,0.100218853725638,"non-sig"
"PC(36:2)",-0.238670364496739,4.56100497164902,"PC"
"PC(36:3)",-0.445571828951728,10.2860421795939,"PC"
"PC(36:4)",-0.09443649481797,0.751569029935905,"non-sig"
"PC(36:5)",-0.45324374872294,2.86225036804378,"PC"
"PC(36:6)",-1.39948745677691,9.49965212826936,"PC"
"PC(37:1)",-0.376111922619299,3.57145612105288,"PC"
"PC(37:2)",-0.683609549738862,9.96417665426968,"PC"
"PC(37:3)",-0.833624049171462,11.1802187415899,"PC"
"PC(37:4)",-0.416380337938141,4.30956085440267,"PC"
"PC(37:5)",-0.794779980472026,6.11756904511386,"PC"
"PC(37:6)",-0.660440925637331,6.25585564959279,"PC"
"PC(38:1)",-0.65210675515499,6.0741826087545,"PC"
"PC(38:2)",-0.621386393547335,8.31603043927946,"PC"
"PC(38:3)",-0.584961286913298,11.9609692229563,"PC"
"PC(38:4)",-0.0581809574036284,0.425000934157335,"non-sig"
"PC(38:5)",-0.340025924389701,4.39447216891775,"PC"
"PC(38:6)",-0.306967176319379,2.04608847948912,"PC"
"PC(38:7)",-1.17215038766347,9.38020767025672,"PC"
"PC(39:2)",-0.955618605177886,6.41004072028291,"PC"
"PC(39:3)",-0.841590081743554,11.7415777384903,"PC"
"PC(39:4)",-0.503338191315673,7.97483827181122,"PC"
"PC(39:5)",-0.689409389354743,8.14999348117243,"PC"
"PC(39:6)",-0.43872562245511,3.16742632485096,"PC"
"PC(39:7)",-0.0693904001634529,0.0973427987787196,"non-sig"
"PC(40:0)",-1.21649137546699,5.40977042998942,"PC"
"PC(40:1)",-0.812271838328208,3.99261247403435,"PC"
"PC(40:2)",-0.799773225269127,5.4430826768246,"PC"
"PC(40:3)",-0.557228479023531,5.45415983486032,"PC"
"PC(40:4)",-0.400761960021776,4.25574752606846,"PC"
"PC(40:5)",-0.300114296088897,3.00662427852738,"PC"
"PC(40:6)",-0.0430929854687872,0.172459797671182,"non-sig"
"PC(40:7)",-0.386393084471033,3.62305855685213,"PC"
"PC(40:8)",-1.42713043106436,16.2788069214135,"PC"
"PC(40:9)",-1.47707225886568,6.2819576615147,"PC"
"PC(41:2)",-1.10624029618188,9.19377777161936,"PC"
"PC(41:5)",-0.640873923920313,7.06433276576908,"PC"
"PC(41:6)",-0.651150495551274,4.37388389831943,"PC"
"PC(41:7)",-0.315494681668223,0.450957257907345,"non-sig"
"PC(42:1)",-0.626078686103359,4.0207602394082,"PC"
"PC(42:10)",-1.57024357093276,12.6045286657961,"PC"
"PC(42:2)",-0.99936645522124,5.83035936628276,"PC"
"PC(42:3)",-0.730726135143367,6.11756904511386,"PC"
"PC(42:4)",-0.154776087704214,0.885076365311723,"non-sig"
"PC(42:5)",-0.485962318167834,5.12934681967606,"PC"
"PC(42:6)",-0.731798208671647,6.38162142828181,"PC"
"PC(42:7)",-0.293194844495734,1.5309401490078,"PC"
"PC(42:8)",-0.887865280086733,12.0537288444291,"PC"
"PC(42:9)",-1.61750171212649,13.8538491167618,"PC"
"PC(44:12)",-1.30483482262957,8.75536120929102,"PC"
"PC(44:2)",-0.973672170051359,6.84346738684857,"PC"
"PC(44:4)",-0.740345410483693,9.45431547070818,"PC"
"PC(44:5)",-0.499914126155317,4.26626385166494,"PC"
"PC(44:6)",-0.377079318474949,1.848347299762,"PC"
"PC(44:7)",-0.565778138390916,1.60673593571645,"PC"
"PC(46:4)",-0.990334751845756,7.82394508415889,"PC"
"PC(46:6)",-0.518113887620852,4.58158229186805,"PC"
"PC(46:7)",-0.47781491584358,1.59466992759994,"PC"
"PC(O-30:0)",-0.479509400695721,3.68095933387683,"PC"
"PC(O-30:1)",-0.817158386155073,8.00531593420143,"PC"
"PC(O-31:0)",-0.331859252301077,1.70969556010495,"PC"
"PC(O-31:2)",-0.0644230514921341,0.184429759459015,"non-sig"
"PC(O-32:0)",0.291173491767391,2.52645130326251,"PC"
"PC(O-32:1)",-0.320468908386747,3.49236017734875,"PC"
"PC(O-32:2)",-0.304085949976108,2.71451975241132,"PC"
"PC(O-32:3)",-1.31536126366063,8.84573253228851,"PC"
"PC(O-33:0)",-0.129761445499815,0.561791866344152,"non-sig"
"PC(O-33:1)",0.390811209074014,0.609514742088785,"non-sig"
"PC(O-33:2)",-1.24051773930479,7.88949113602976,"PC"
"PC(O-34:0)",-0.210502636585752,1.42727914511036,"PC"
"PC(O-34:1)",0.221847906245598,2.16334877709156,"PC"
"PC(O-34:2)",-0.605535223128432,7.5541917513811,"PC"
"PC(O-34:3)",-0.953683806981661,11.2794872860884,"PC"
"PC(O-34:4)",-1.30711249249773,10.3350434352515,"PC"
"PC(O-35:2)",0.512885702094093,0.691751192306366,"non-sig"
"PC(O-35:4)",-1.30659997275659,8.40206368204795,"PC"
"PC(O-36:0)",-1.21643500716579,8.76209385346833,"PC"
"PC(O-36:1)",0.282923062655434,1.6102902976905,"PC"
"PC(O-36:2)",-0.0201102636232207,0.0622263567209989,"non-sig"
"PC(O-36:3)",-0.509987189872828,4.44337255343429,"PC"
"PC(O-36:4)",-0.598107350904019,8.2648456644726,"PC"
"PC(O-36:5)",-0.630946752561462,3.89310139249314,"PC"
"PC(O-36:6)",-0.84543110764781,2.18498081924812,"PC"
"PC(O-38:0)",-0.885826328396441,6.73303304021519,"PC"
"PC(O-38:1)",-0.277690647830428,1.35388486708476,"PC"
"PC(O-38:2)",-0.0581089648664862,0.154698617322673,"non-sig"
"PC(O-38:3)",-0.527075968324383,4.74009064713175,"PC"
"PC(O-38:4)",-0.259624201508703,2.18271307379923,"PC"
"PC(O-38:5)",-0.293542665350407,3.67060476708629,"PC"
"PC(O-38:6)",-0.518299732694712,6.1243127698357,"PC"
"PC(O-38:7)",-0.478453704341076,2.86790101310667,"PC"
"PC(O-39:4)",0.767727228751462,1.62315649810526,"PC"
"PC(O-39:6)",0.136736032891869,0.211811697535986,"non-sig"
"PC(O-40:1)",-0.277674400157162,1.301232453626,"PC"
"PC(O-40:2)",-0.328322466253653,1.69286948725798,"PC"
"PC(O-40:3)",-0.351704579441899,1.99382012389738,"PC"
"PC(O-40:4)",-0.181635566392125,1.11085965898428,"non-sig"
"PC(O-40:5)",-0.107501577278043,0.477418398705322,"non-sig"
"PC(O-40:6)",-0.261750867319994,3.15543692692439,"PC"
"PC(O-40:7)",-0.352823375963091,2.89920305690638,"PC"
"PC(O-40:8)",-0.474131357523105,3.51081165636461,"PC"
"PC(O-41:3)",-0.0467909597232678,0.0941678014465693,"non-sig"
"PC(O-41:4)",-0.371434611117993,1.87364158216849,"PC"
"PC(O-41:6)",0.0622229697088525,0.0335434983061588,"non-sig"
"PC(O-42:1)",-0.366564498468108,2.06478281142947,"PC"
"PC(O-42:2)",-0.455117502743177,3.07335674201507,"PC"
"PC(O-42:3)",-0.581728728167223,4.4505244261862,"PC"
"PC(O-42:4)",-0.387967770546059,4.15759342939092,"PC"
"PC(O-42:5)",-0.15993901168464,0.515467860395691,"non-sig"
"PC(O-42:6)",-0.30754247511583,3.1121446377117,"PC"
"PC(O-42:7)",-0.235776775349711,1.22528632461892,"non-sig"
"PC(O-42:8)",-0.204607654396065,1.10926294510317,"non-sig"
"PC(O-43:5)",-0.265599151436778,1.0919147654596,"non-sig"
"PC(O-44:3)",-0.524666760649535,3.89436097174268,"PC"
"PC(O-44:4)",-0.369308474107552,3.65627356284549,"PC"
"PC(O-44:5)",-0.334712380438033,1.89150379826272,"PC"
"PC(O-44:6)",-0.376784191105709,4.19190162143485,"PC"
"PC(O-44:7)",-0.189205050254874,0.692336731429624,"non-sig"
"PC(O-44:8)",-0.249569642584805,1.1328707327958,"non-sig"
"PC(O-46:7)",-0.300455032492129,1.18938458842503,"non-sig"
"PC(O-46:8)",-0.301872368280822,1.28445059280181,"non-sig"
"PE(32:0)",0.230349992770382,2.47750089660104,"PE"
"PE(32:1)",0.793924739783523,5.45415983486032,"PE"
"PE(33:1)",0.298780119303487,1.24210474735696,"non-sig"
"PE(33:2)",-0.612725209688963,2.05235554423026,"PE"
"PE(34:0)",-0.0433049637200867,0.12768034898405,"non-sig"
"PE(34:1)",1.01724261896794,13.8538491167618,"PE"
"PE(34:2)",0.611859360963752,5.71586258938256,"PE"
"PE(34:3)",0.251121452190556,1.01855288074591,"non-sig"
"PE(35:2)",0.023766719389893,0.0599562599534616,"non-sig"
"PE(36:1)",0.491899060964604,3.37725064827278,"PE"
"PE(36:2)",0.0539238581424534,0.149873247139249,"non-sig"
"PE(36:3)",-0.168804897008945,0.574436747476476,"non-sig"
"PE(36:4)",0.530571488391348,7.34755168322141,"PE"
"PE(36:5)",-0.00706539994597312,0.0147667351295956,"non-sig"
"PE(37:2)",0.350207921766631,1.56012848645616,"PE"
"PE(37:4)",0.175043008127019,1.05632555337342,"non-sig"
"PE(37:5)",-0.503472490683582,4.1336893516102,"PE"
"PE(37:6)",-1.8674023841482,5.24776066709062,"PE"
"PE(38:1)",-0.599335329346661,2.10936153271677,"PE"
"PE(38:2)",-0.396834744964845,2.04257843265438,"PE"
"PE(38:3)",0.0454279574210329,0.144889547178747,"non-sig"
"PE(38:4)",0.315750969675536,3.43731828016889,"PE"
"PE(38:5)",0.0750746467586257,0.325975333328317,"non-sig"
"PE(38:6)",0.754475949992492,10.5619537835546,"PE"
"PE(38:7)",0.530017452558445,8.67076831437245,"PE"
"PE(39:4)",0.135570783197909,0.697887171971649,"non-sig"
"PE(39:6)",0.105674761840465,0.445919986877742,"non-sig"
"PE(40:4)",-0.459639927306826,3.42544650176285,"PE"
"PE(40:5)",0.318710043209214,1.74642087529231,"PE"
"PE(40:6)",0.701602454296336,8.19927521369838,"PE"
"PE(40:7)",0.464421343945552,3.10947878997074,"PE"
"PE(40:8)",-0.243620408494216,1.54849887403655,"PE"
"PE(41:6)",-0.67845719207597,4.58499571666034,"PE"
"PE(42:10)",-0.497427516884422,4.38645494632808,"PE"
"PE(42:7)",-0.113189357662633,0.242015624088732,"non-sig"
"PE(42:8)",-0.216001504529494,0.646252175029626,"non-sig"
"PE(O-32:3)",-0.556250836469332,4.37792031432349,"PE"
"PE(O-34:0)",-0.81647991228127,6.52524119561562,"PE"
"PE(O-34:1)",-0.646220231550077,6.44493328757327,"PE"
"PE(O-34:2)",-0.802730396212963,9.89721791374156,"PE"
"PE(O-34:3)",-1.57134874234115,13.821501404372,"PE"
"PE(O-34:4)",-1.91626736619477,12.6797115411805,"PE"
"PE(O-34:5)",-1.9131781050915,9.25998480447818,"PE"
"PE(O-35:5)",-2.29287944253473,8.84610816639366,"PE"
"PE(O-36:1)",0.967694223335508,5.52755685170056,"PE"
"PE(O-36:2)",-0.405086402579467,3.34643737518595,"PE"
"PE(O-36:3)",-1.21745212759809,12.6316313855535,"PE"
"PE(O-36:5)",-1.36544263849043,16.386593740257,"PE"
"PE(O-36:6)",-1.46531741379819,4.07982175474947,"PE"
"PE(O-36:7)",-1.02650229179994,4.0488313798626,"PE"
"PE(O-37:1)",0.753500454287847,3.22377397942031,"PE"
"PE(O-37:2)",-0.528520375201144,1.05048795388085,"non-sig"
"PE(O-37:5)",-1.31122360441017,13.9606318642668,"PE"
"PE(O-37:6)",-1.56847508850879,5.08598697044359,"PE"
"PE(O-37:7)",-1.41174521265317,8.34345290158566,"PE"
"PE(O-38:1)",0.207481112620632,1.08450646218427,"non-sig"
"PE(O-38:2)",-0.671012131542459,7.70531951977432,"PE"
"PE(O-38:3)",-0.880330170843686,11.0100267803269,"PE"
"PE(O-38:4)",-1.29117178659815,13.8538491167618,"PE"
"PE(O-38:5)",-1.3221340305117,17.8332916906092,"PE"
"PE(O-38:6)",-1.21394028818029,13.9606318642668,"PE"
"PE(O-38:7)",-0.630543292758027,5.60730366231506,"PE"
"PE(O-39:2)",1.12274945631271,4.14547002651244,"PE"
"PE(O-39:4)",-0.807382338655228,1.1862320510322,"non-sig"
"PE(O-39:5)",-1.32546686518525,12.8768155816121,"PE"
"PE(O-39:6)",-1.36062672666512,10.6754104018273,"PE"
"PE(O-39:7)",-0.723675329675114,4.99923455276531,"PE"
"PE(O-39:8)",-1.21490580088011,4.91153245394904,"PE"
"PE(O-40:2)",-0.522332662362822,4.10837500143225,"PE"
"PE(O-40:3)",-0.434993523047327,4.0857268287351,"PE"
"PE(O-40:4)",-0.15530273415713,0.715746334770233,"non-sig"
"PE(O-40:5)",-1.16328802279418,11.3248671607151,"PE"
"PE(O-40:6)",-0.850693742400795,11.6132283085823,"PE"
"PE(O-40:7)",-0.729576457077318,7.73226764406663,"PE"
"PE(O-40:8)",-0.704195964721457,5.08408504146099,"PE"
"PE(O-40:9)",-0.744723822034718,5.67768240113166,"PE"
"PE(O-41:4)",-0.0920612597761154,0.105413101609397,"non-sig"
"PE(O-41:6)",3.20786403667473,10.6297577093791,"PE"
"PE(O-41:7)",-0.81946078644792,4.92766950373181,"PE"
"PE(O-42:2)",-0.562158750702473,1.19548043541879,"non-sig"
"PE(O-42:3)",-0.352125480694829,2.3814532843963,"PE"
"PE(O-42:4)",-0.338684047318388,2.22787046799415,"PE"
"PE(O-42:5)",-0.950714876488965,9.29228524519166,"PE"
"PE(O-42:6)",-0.717328813495731,6.53944538107576,"PE"
"PE(O-42:7)",-0.482783962167649,3.60966850834594,"PE"
"PE(O-42:8)",-0.256622551218782,0.937847061689271,"non-sig"
"PE(O-44:4)",-0.766105759203953,3.89260588942984,"PE"
"PE(O-44:5)",-0.915932008159119,8.23887383573089,"PE"
"PE(O-44:6)",-0.471447518504986,3.06589134254324,"PE"
"PE(O-44:7)",-0.429798218298395,2.44988230098743,"PE"
"PE(O-44:8)",0.237026491403669,0.641013601884167,"non-sig"
"PE(O-46:7)",-0.529437699048919,2.4961518716006,"PE"
"PE(O-46:8)",0.0629446983595722,0.113958487502462,"non-sig"
"PG(34:1)",0.0960516510681997,0.318652154879442,"Other"
"PG(34:2)",-0.340833073869249,1.22610720169388,"Other"
"PG(36:1)",0.0758793511200738,0.196347869352743,"Other"
"PG(36:2)",0.0985598334774153,0.309834109991085,"Other"
"PG(36:4)",-0.483283155217815,0.696079852927581,"Other"
"PG(38:4)",-0.680967040266669,2.44988230098743,"Other"
"PI(32:0)",-1.32601660955626,6.41160387896359,"PI"
"PI(32:1)",-0.97705144573093,3.55369899286909,"PI"
"PI(33:1)",-1.13045319088105,4.79870423591334,"PI"
"PI(34:0)",-1.42559121411777,7.29932587672269,"PI"
"PI(34:1)",-0.88806303732211,5.08408504146099,"PI"
"PI(34:2)",-0.674895836895147,4.77566680184363,"PI"
"PI(34:3)",-0.641408647206418,3.00124680468622,"PI"
"PI(35:2)",-0.894715348937675,5.64410978143268,"PI"
"PI(36:1)",-1.05383543400022,7.01797560381874,"PI"
"PI(36:2)",-0.603941914134825,4.57630119916467,"PI"
"PI(36:3)",-1.14935480075194,8.40634450292472,"PI"
"PI(36:4)",-1.16170753353678,7.85048212783726,"PI"
"PI(36:5)",-0.739395913756029,5.69527464555639,"PI"
"PI(37:4)",-1.28710001231337,10.0443494539413,"PI"
"PI(38:2)",-0.814891835443168,5.48746720300931,"PI"
"PI(38:3)",-1.30979865882072,9.35458574557284,"PI"
"PI(38:4)",-0.989310365950847,11.3248671607151,"PI"
"PI(38:5)",-1.03199595702459,8.62290849878963,"PI"
"PI(38:6)",-0.882446921026738,5.44896399563332,"PI"
"PI(38:7)",-1.06278826182279,10.9758289651979,"PI"
"PI(40:4)",-0.844145130035454,6.83829103549378,"PI"
"PI(40:5)",-0.911224790068248,6.75793359984237,"PI"
"PI(40:6)",-0.607935647491011,4.16980851558277,"PI"
"PI(40:7)",-1.76388744892529,7.14114571382543,"PI"
"PI(40:8)",-1.06404640233946,8.83214191407533,"PI"
"PS(36:1)",0.643276434658063,3.93741158076596,"Other"
"PS(36:2)",-1.03347171202173,4.20698383960292,"Other"
"PS(38:4)",-3.09673434258792,7.77588944544633,"Other"
"PS(38:5)",-3.19841066992808,6.07435012433032,"Other"
"PS(38:6)",1.4603940989448,1.50946287661743,"Other"
"PS(40:5)",0.452329308507461,1.70750297837025,"Other"
"PS(40:6)",-0.795841262992737,2.52645130326251,"Other"
"SM(28:1;O2)",-0.394596391856798,2.29328766403583,"SM"
"SM(30:1;O2)",0.0141035631543354,0.759058573571228,"non-sig"
"SM(30:1;O3)",-0.818422719771664,7.37450229425999,"SM"
"SM(30:2;O3)",-0.372736735316845,1.49330682828559,"SM"
"SM(31:1;O2)",-1.14497178564327,11.1277459988639,"SM"
"SM(32:0;O2)",-0.923465188990336,10.7774859243658,"SM"
"SM(32:1;O2)",-0.587202630322162,7.51724357663585,"SM"
"SM(32:1;O3)",-0.45179312853963,4.16442157581936,"SM"
"SM(32:2;O2)",-1.03421367352398,11.2862115130437,"SM"
"SM(33:0;O2)",-0.783513989826613,8.0906589302412,"SM"
"SM(33:1;O2)",-0.486424429551552,6.38503083442862,"SM"
"SM(33:1;O3)",-0.3905280730403,3.77244087479694,"SM"
"SM(34:0;O2)",-0.216086843671348,2.63599132171714,"SM"
"SM(34:1;O2)",-0.0822707751769921,1.1043220820903,"non-sig"
"SM(34:1;O3)",0.00765255353583421,0.030487061270327,"non-sig"
"SM(34:2;O2)",-0.274527128354003,4.4392586930281,"SM"
"SM(34:2;O3)",-0.0654298971670627,0.321610756494053,"non-sig"
"SM(34:3;O2)",-0.60633882948869,7.37450229425999,"SM"
"SM(35:1;O2)",-0.218260045726517,1.9026299470679,"SM"
"SM(35:2;O2)",-0.422057695612733,5.05159856730796,"SM"
"SM(36:0;O2)",-0.125224287289638,0.460713936598588,"non-sig"
"SM(36:1;O2)",0.171254538776311,2.23959952747222,"SM"
"SM(36:1;O3)",0.436762401835918,2.82496726732796,"SM"
"SM(36:2;O2)",0.0545671082782062,0.315082298389196,"non-sig"
"SM(36:2;O3)",0.243849363876209,1.78061969908847,"SM"
"SM(36:3;O2)",-0.210431643158987,1.52012616362502,"SM"
"SM(36:4;O2)",-0.497957740367812,6.09839724841,"SM"
"SM(37:1;O2)",-0.463788363957165,5.47255308626934,"SM"
"SM(37:2;O2)",-0.263742939701618,2.03366848172416,"SM"
"SM(38:0;O2)",-1.12942859166488,9.95202076021504,"SM"
"SM(38:1;O2)",-0.467136050520132,9.03990287305041,"SM"
"SM(38:2;O2)",-0.374954783943788,5.70409581677266,"SM"
"SM(38:3;O2)",0.331856488449452,3.24982483112934,"SM"
"SM(38:4;O2)",0.443242713100762,4.67961448651652,"SM"
"SM(39:0;O2)",-1.57921590530308,10.7872014919517,"SM"
"SM(39:1;O2)",-0.905295676232168,12.8692640736164,"SM"
"SM(39:2;O2)",-0.590488113639096,7.32322621441084,"SM"
"SM(40:0;O2)",-1.15852163169891,9.96417665426968,"SM"
"SM(40:1;O2)",-0.577439596209954,11.0100267803269,"SM"
"SM(40:2;O2)",-0.410677625710488,8.72909064387401,"SM"
"SM(40:3;O2)",0.00845518772478699,0.0333906120957045,"non-sig"
"SM(40:4;O2)",0.225726229884137,2.45740751735481,"SM"
"SM(40:6;O2)",-0.347028708029513,1.60473142895462,"SM"
"SM(40:7;O2)",-0.0661512135753222,0.225669232513111,"non-sig"
"SM(41:0;O2)",-1.25893971980542,9.03244136581875,"SM"
"SM(41:1;O2)",-0.707105539876167,11.3753474629627,"SM"
"SM(41:2;O2)",-0.594905837456551,10.9573716134777,"SM"
"SM(41:3;O2)",-0.289086626498969,2.82953215956476,"SM"
"SM(42:0;O2)",-0.836167108250923,5.12596612531625,"SM"
"SM(42:0;O3)",-0.500863665868718,3.29983638872514,"SM"
"SM(42:1;O2)",-0.652035262889637,9.35458574557284,"SM"
"SM(42:1;O3)",-0.314299447034942,4.05989660870728,"SM"
"SM(42:2;O2)",-0.150174988591192,2.1410564205787,"SM"
"SM(42:2;O3)",-0.073734867328937,0.298878872399737,"non-sig"
"SM(42:3;O2)",-0.0871582848848258,0.803983720700249,"non-sig"
"SM(42:3;O3)",0.255313762312132,1.23429183808014,"non-sig"
"SM(42:4;O2)",0.0895017511344312,0.657002411556866,"non-sig"
"SM(42:5;O2)",0.459254814693185,3.82164265244603,"SM"
"SM(42:6;O2)",-0.065010202652643,0.105413101609397,"non-sig"
"SM(42:7;O2)",-0.276446044962463,1.01103355380859,"non-sig"
"SM(43:1;O2)",-1.03441116108947,8.76209385346833,"SM"
"SM(43:2;O2)",-0.512409707004969,5.89296134242529,"SM"
"SM(43:3;O2)",-0.438427809500474,6.00520417119018,"SM"
"SM(44:1;O2)",-0.899431627617296,8.6502752710341,"SM"
"SM(44:2;O2)",-0.402123744171244,4.02599883680077,"SM"
"SM(44:3;O2)",-0.164298314860277,1.20741813376318,"non-sig"
"SM(44:5;O2)",0.032943667598556,0.11919455105274,"non-sig"
"SM(44:6;O2)",0.249351999051619,1.47778456454436,"SM"
"ST(18:1)",-0.272521386508947,7.31404980320627,"ST"
"ST(18:2)",-0.326086733703854,8.88033715792166,"ST"
"ST(18:3)",-0.814515683118613,11.1140930706377,"ST"
"ST(20:2)",-0.239204280745994,2.05235554423026,"ST"
"ST(20:4)",-0.218998205308095,2.58680723950648,"ST"
"ST(22:5)",-0.0518821709305165,0.220800637419312,"non-sig"
"ST(22:6)",-0.332742529053233,1.64142955595679,"ST"
"ST(24:1)",-0.01723646766007,0.0368426366571754,"non-sig"
"ST(27:0)",0.21787671161796,1.1862320510322,"non-sig"
"ST(27:1)",-0.211413782537741,1.44509548417865,"ST"
"ST(28:1)",-0.303675625043094,0.576754073532525,"non-sig"
"ST(28:2)",-1.49057617660816,2.3258497829496,"ST"
"ST(29:1)",0.00895397793636451,0.0100113811469037,"non-sig"
"ST(29:2)",0.246532205615295,0.701341329924843,"non-sig"
"TG(40:0)",-1.96863189767416,2.41200742201601,"TG"
"TG(42:0)",0.020279950575393,0.215020714943587,"non-sig"
"TG(43:1)",-1.5921799320032,3.23446116485711,"TG"
"TG(44:0)",-2.0048019649843,3.95809605546906,"TG"
"TG(44:1)",-1.33344546820736,2.8697311499075,"TG"
"TG(45:0)",-1.3120464974357,2.85140469304369,"TG"
"TG(45:1)",-1.3727130594309,4.01044270065661,"TG"
"TG(46:0)",-1.38984887509454,3.53706911226954,"TG"
"TG(46:1)",-1.45895517732681,4.6368157020089,"TG"
"TG(46:2)",-1.15139065183988,3.70206822228796,"TG"
"TG(46:3)",-0.619819695394458,1.22673341910391,"non-sig"
"TG(46:4)",0.24913968719208,0.290361936553571,"non-sig"
"TG(47:0)",-1.40292011221721,2.67018548599191,"TG"
"TG(47:1)",-1.16103445732697,3.99091997178582,"TG"
"TG(47:2)",-1.1099934305722,5.12258075122653,"TG"
"TG(47:3)",-0.977458097393618,4.35345159664725,"TG"
"TG(48:0)",-0.619265519103901,1.95072653497151,"TG"
"TG(48:1)",-0.749240784789692,3.77336536624443,"TG"
"TG(48:2)",-0.877693165320442,5.49562310639943,"TG"
"TG(48:3)",-1.2593755070557,6.31811033404588,"TG"
"TG(48:4)",-1.59834294742833,5.24776066709062,"TG"
"TG(48:5)",-1.66180578015573,4.07264591813596,"TG"
"TG(48:6)",-0.785934121979959,1.49491812743476,"TG"
"TG(49:1)",-0.905607012499694,3.5257846227456,"TG"
"TG(49:2)",-0.782698130835376,4.62612439069067,"TG"
"TG(49:3)",-0.694640930025937,5.4430826768246,"TG"
"TG(49:4)",-0.804126968379643,5.25442507444655,"TG"
"TG(50:0)",-0.1126159716246,0.148049483701092,"non-sig"
"TG(50:1)",-0.0804619150014401,0.389018807530173,"non-sig"
"TG(50:2)",-0.123322945928982,0.920382528553563,"non-sig"
"TG(50:3)",-0.312491326859648,3.44849842752335,"TG"
"TG(50:4)",-0.664732335815214,6.54462853942289,"TG"
"TG(50:5)",-1.15914389528973,7.42137452515283,"TG"
"TG(50:6)",-1.34867251788283,5.50980592005808,"TG"
"TG(50:7)",-0.942348235162523,2.89482300959895,"TG"
"TG(51:0)",-0.854694019567971,1.87229474888883,"TG"
"TG(51:1)",-0.378796113849376,1.29617281691946,"non-sig"
"TG(51:2)",-0.450672436082584,4.02121198539068,"TG"
"TG(51:3)",-0.340657615194849,4.05034023622932,"TG"
"TG(51:4)",-0.412643969529183,4.42257191448315,"TG"
"TG(51:5)",-0.585140439502105,4.62642127239435,"TG"
"TG(51:6)",-0.77239317553299,3.86887090158013,"TG"
"TG(52:0)",-0.335702132208216,0.554081093165621,"non-sig"
"TG(52:1)",0.44025943446141,1.84119260250811,"TG"
"TG(52:2)",-0.0516770197847418,0.600060257787962,"non-sig"
"TG(52:3)",0.00237268380432277,0.0157891949788403,"non-sig"
"TG(52:4)",0.0162345453547215,0.0842731473853535,"non-sig"
"TG(52:5)",-0.283475842089634,2.29247941626067,"TG"
"TG(52:6)",-0.836516012040941,7.31201566517151,"TG"
"TG(52:7)",-1.08310576471767,6.08086466880613,"TG"
"TG(52:8)",-1.0235270785693,3.8441638632804,"TG"
"TG(52:9)",-0.698790673667425,1.25054301476561,"non-sig"
"TG(53:0)",-1.15041898967173,2.48743876881202,"TG"
"TG(53:1)",-0.20503847291224,0.425618763070583,"non-sig"
"TG(53:2)",0.140348119412648,0.559370055774488,"non-sig"
"TG(53:3)",-0.302798364696231,3.63980275683865,"TG"
"TG(53:4)",-0.270957458396518,2.84685899300507,"TG"
"TG(53:5)",-0.429206670450593,5.83035936628276,"TG"
"TG(53:6)",-0.530810752457961,4.0455722169574,"TG"
"TG(54:0)",-1.13231154201635,3.00993982245516,"TG"
"TG(54:1)",0.0095395348728262,0.014107694838145,"non-sig"
"TG(54:10)",-0.540005580657705,0.414206319347313,"non-sig"
"TG(54:2)",0.4214374831046,2.87022250140129,"TG"
"TG(54:3)",0.194996568964438,1.71502434791642,"TG"
"TG(54:4)",0.0962829329511037,0.590737198176365,"non-sig"
"TG(54:5)",0.179287220000453,1.12907800805459,"non-sig"
"TG(54:6)",0.264625723843493,1.6385731413005,"TG"
"TG(54:7)",0.104191384047789,0.287441804988904,"non-sig"
"TG(54:8)",-0.360345681486183,1.17612563472332,"non-sig"
"TG(54:9)",-0.834635161756336,2.4618924419372,"TG"
"TG(55:0)",-0.915608542080936,3.15685969230053,"TG"
"TG(55:1)",-0.8562150103178,2.1410564205787,"TG"
"TG(55:10)",-0.0829633622888021,0.0421553710299253,"non-sig"
"TG(55:2)",0.228114878776002,0.795509525129678,"non-sig"
"TG(55:3)",0.467797797371457,3.6755543296246,"TG"
"TG(55:4)",-0.0171245629214149,0.0484369271072203,"non-sig"
"TG(55:5)",-0.15970133206061,1.27424322574861,"non-sig"
"TG(55:6)",-0.290535280589059,1.00238754225823,"non-sig"
"TG(55:7)",-0.426810560900214,1.12468659728289,"non-sig"
"TG(55:8)",-0.4482127873845,1.04633051794456,"non-sig"
"TG(55:9)",-0.570361591455426,0.738620947161266,"non-sig"
"TG(56:0)",-1.34653750100122,3.93417416132949,"TG"
"TG(56:1)",-0.95049260940375,2.83338156778546,"TG"
"TG(56:10)",-0.94884298388818,1.4821409495402,"TG"
"TG(56:11)",-1.02447052308863,0.65247338321031,"non-sig"
"TG(56:12)",-0.459491005565872,0.425000934157335,"non-sig"
"TG(56:2)",-0.221402084521862,0.414206319347313,"non-sig"
"TG(56:3)",0.360051578616986,1.3397447246965,"TG"
"TG(56:4)",0.582242523715796,4.09513847122765,"TG"
"TG(56:5)",0.369610995401047,5.61920924055346,"TG"
"TG(56:6)",0.0524449464330913,0.273362551489411,"non-sig"
"TG(56:7)",0.117648698319839,0.403676090201442,"non-sig"
"TG(56:8)",0.151420583773263,0.509245296608575,"non-sig"
"TG(56:9)",-0.374614517343487,1.21091434472395,"non-sig"
"TG(57:10)",-0.764554885131911,0.807763232811376,"non-sig"
"TG(57:2)",-0.505461024293261,1.34549135581242,"TG"
"TG(57:3)",0.0721571893207281,0.12768034898405,"non-sig"
"TG(57:4)",0.253025050755638,0.667266644202828,"non-sig"
"TG(57:6)",-0.179329372357991,0.637842244626681,"non-sig"
"TG(57:7)",-0.276825371568775,0.602204241693798,"non-sig"
"TG(57:8)",-0.162796856424828,0.24324498377071,"non-sig"
"TG(57:9)",-0.301042732135945,0.470350166642809,"non-sig"
"TG(58:0)",-1.36906664363056,4.119304546408,"TG"
"TG(58:1)",-0.966820073136464,3.03234401440567,"TG"
"TG(58:10)",0.126211676079518,0.242015624088732,"non-sig"
"TG(58:11)",-0.581212914094954,0.601179045596452,"non-sig"
"TG(58:12)",-1.06253742748469,0.586290730590716,"non-sig"
"TG(58:13)",-0.939488688200558,0.398860647285604,"non-sig"
"TG(58:2)",-0.417018778947655,0.796584827233005,"non-sig"
"TG(58:3)",-0.090283968810655,0.100345977180345,"non-sig"
"TG(58:4)",0.625491300963498,1.70454939522682,"TG"
"TG(58:5)",0.593229770665189,5.08408504146099,"TG"
"TG(58:6)",0.36653969905926,3.10947878997074,"TG"
"TG(58:7)",0.0485906348400193,0.12768034898405,"non-sig"
"TG(58:8)",0.219043613411475,0.589990473918938,"non-sig"
"TG(58:9)",0.237429963079979,0.692925726532368,"non-sig"
"TG(59:10)",-0.621958856971074,0.643464509847766,"non-sig"
"TG(59:11)",-0.708294214889033,0.433865387221141,"non-sig"
"TG(59:2)",-0.302465231781172,0.853076057434163,"non-sig"
"TG(59:3)",-0.148077189909259,0.319621432806359,"non-sig"
"TG(59:5)",0.507773291672087,1.94761884489546,"TG"
"TG(59:6)",0.372614566595034,2.28428490672444,"TG"
"TG(59:8)",-0.318205335233822,0.439143994450083,"non-sig"
"TG(59:9)",-0.200419740483705,0.250290520798185,"non-sig"
"TG(60:1)",-1.06687846557566,3.40116963223844,"TG"
"TG(60:10)",0.0436251253727731,0.061651485964237,"non-sig"
"TG(60:11)",-0.02856511972345,0.030487061270327,"non-sig"
"TG(60:12)",-0.173718633008092,0.14156745895038,"non-sig"
"TG(60:13)",-0.678051864854059,0.466454644141356,"non-sig"
"TG(60:2)",-0.621583555930742,1.25060924281784,"non-sig"
"TG(60:3)",-0.189426267301507,0.291000401980646,"non-sig"
"TG(60:4)",0.206877929825851,0.403889137798729,"non-sig"
"TG(60:5)",0.227796530503137,0.657116652118242,"non-sig"
"TG(60:6)",0.216345168286983,0.560293640653067,"non-sig"
"TG(60:7)",0.130356213411418,0.2628749279404,"non-sig"
"TG(60:8)",-0.155114941283529,0.304804116203737,"non-sig"
"TG(60:9)",-0.0599920230146875,0.117157363126849,"non-sig"
"TG(61:2)",-0.564590687168508,13.0552797182576,"TG"
"TG(61:3)",-0.334024590963249,1.12147416131605,"non-sig"
"TG(61:4)",0.0441510169728364,0.0733804172840618,"non-sig"
"TG(61:5)",-0.00445219190137533,0.00670363872516431,"non-sig"
"TG(61:7)",-0.0306368819512254,0.030487061270327,"non-sig"
"TG(62:10)",-0.436735931136983,2.26997633744089,"TG"
"TG(62:12)",-0.153278541744449,0.133088878442392,"non-sig"
"TG(62:13)",-0.0177829366424866,0.011458343708687,"non-sig"
"TG(62:14)",0.0465660971009029,0.030487061270327,"non-sig"
"TG(62:15)",-0.935419038256193,0.463670432788292,"non-sig"
"TG(62:2)",-1.06490885324938,2.05785282537246,"TG"
"TG(62:3)",-0.69297000762366,1.19277241107179,"non-sig"
"TG(62:4)",-0.102428345006615,0.196347869352743,"non-sig"
"TG(62:5)",-0.200281626210647,0.584282765461918,"non-sig"
"TG(62:6)",-0.38616338116665,1.03252173481714,"non-sig"
"TG(62:7)",-0.147027735386732,0.12956262227246,"non-sig"
"TG(62:8)",-0.512408486596291,0.403676090201442,"non-sig"
"TG(62:9)",-0.138245352646126,0.369903607916537,"non-sig"
"TG(64:13)",-0.454428241020659,0.686975498081053,"non-sig"
"TG(64:14)",-0.436575884728718,0.5860453126554,"non-sig"
"TG(64:15)",-0.424602895017035,0.422751278578883,"non-sig"
"TG(64:16)",-0.650374444302227,0.363621130482039,"non-sig"
"TG(64:17)",-1.21935248275979,0.484915107193484,"non-sig"
"TG(64:9)",0.140410888082961,0.169441535558618,"non-sig"
"TG(66:17)",-0.765001900559799,0.344885323469662,"non-sig"
"TG(66:3)",-0.731316092377564,2.52922363452944,"TG"
"TG(68:3)",-0.734598098983353,2.39155944255609,"TG"
"TG(68:4)",-0.488720854822234,1.54698079689462,"TG"
"TG(68:5)",-0.437766120704085,0.911980237972274,"non-sig"
"TG(70:5)",-0.770965185225477,1.58849277820167,"TG"
"TG(O-48:0)",-1.19823493295024,4.02261713989627,"TG"
"TG(O-48:1)",-1.40589683043969,5.11878932213175,"TG"
"TG(O-48:2)",-1.2492032042808,2.1061022709538,"TG"
"TG(O-50:0)",-1.29474476624666,4.33470976656932,"TG"
"TG(O-50:1)",-1.1782108229537,6.56361265500608,"TG"
"TG(O-50:2)",-0.806245748121473,4.87934342701206,"TG"
"TG(O-50:3)",-0.780860904131598,2.58281103507004,"TG"
"TG(O-51:0)",-0.695780401903065,2.76043459264123,"TG"
"TG(O-51:1)",0.987440853616436,4.496653438342,"TG"
"TG(O-51:2)",0.236348724628348,0.559370055774488,"non-sig"
"TG(O-52:0)",-1.15038135217488,5.38492350992761,"TG"
"TG(O-52:1)",-1.22427261633067,6.16506737529533,"TG"
"TG(O-52:2)",-0.948111506795675,5.59619492037551,"TG"
"TG(O-52:3)",-0.577697871063999,3.91611031234444,"TG"
"TG(O-52:4)",-0.240997990996154,0.833823312945613,"non-sig"
"TG(O-53:0)",-0.745647735905805,4.42604938625031,"TG"
"TG(O-53:1)",-0.694322240887172,3.63696629289193,"TG"
"TG(O-53:2)",1.32410104308916,5.56456963986495,"TG"
"TG(O-54:1)",-0.785167349070968,5.4430826768246,"TG"
"TG(O-54:2)",-0.918569064410802,6.0209848553721,"TG"
"TG(O-54:3)",-0.623044698390501,3.93562030318229,"TG"
"TG(O-54:4)",-0.400695057762152,2.57608242894876,"TG"
"TG(O-54:5)",1.03442692634901,6.66239048358214,"TG"
"TG(O-55:1)",-0.802983178943132,6.17224726813137,"TG"
"TG(O-55:2)",-0.711423983441415,6.42169541572841,"TG"
"TG(O-55:3)",-0.869583522670499,4.1064702130731,"TG"
"TG(O-56:0)",-1.12534224572043,7.62934496282211,"TG"
"TG(O-56:1)",-0.780860236008187,5.94482626586479,"TG"
"TG(O-56:2)",-0.46689617124219,3.28198748465284,"TG"
"TG(O-56:3)",-0.439461757794349,3.25504655020056,"TG"
"TG(O-56:4)",-0.443623243096438,3.51247138739435,"TG"
"TG(O-56:5)",-0.138469541834054,0.290361936553571,"non-sig"
"TG(O-56:6)",-0.249433803047565,0.643464509847766,"non-sig"
"TG(O-56:7)",0.967890183653161,6.28323668682131,"TG"
"TG(O-56:8)",0.262278927252094,1.13138134913862,"non-sig"
"TG(O-57:2)",-0.775458785809681,8.13281507285025,"TG"
"TG(O-57:3)",-0.421196392926418,2.9500549255707,"TG"
"TG(O-58:1)",-0.844668093724923,7.01311563001854,"TG"
"TG(O-58:2)",-0.522077255554545,3.86586765456295,"TG"
"TG(O-58:3)",-0.368541350294528,2.47392759662775,"TG"
"TG(O-58:4)",-0.336385421056555,2.11253845189528,"TG"
"TG(O-58:5)",-0.38298321303915,3.12122679772292,"TG"
"TG(O-58:6)",-0.479562465407781,2.67506636286492,"TG"
"TG(O-58:7)",0.380307195752086,0.927824704127497,"non-sig"
"TG(O-58:8)",0.875643147999384,5.712692884224,"TG"
"TG(O-59:2)",-0.695302708782226,6.73303304021519,"TG"
"TG(O-59:3)",-0.665111304491443,7.13049208232724,"TG"
"TG(O-60:1)",-0.965077999454969,8.06600636267393,"TG"
"TG(O-60:2)",-0.649274217574349,5.09334310899795,"TG"
"TG(O-60:3)",-0.429220778352047,2.74640063571425,"TG"
"TG(O-60:5)",-0.304333752885509,1.68682389497258,"TG"
"TG(O-60:6)",-0.380875937969565,2.86568717548057,"TG"
"TG(O-60:7)",-0.223545129791438,0.725699799999159,"non-sig"
"TG(O-60:8)",0.173094338297726,0.208872365098409,"non-sig"
"TG(O-62:2)",-0.764573374866593,5.74143566768789,"TG"
"TG(O-62:3)",-0.39537188789527,1.5673279355611,"TG"
"TG(O-62:6)",-0.310455502742565,1.30738084093078,"TG"
"TG(O-62:7)",-0.241426820979498,0.982346252300969,"non-sig"
"TG(O-62:8)",-0.0782915903344073,0.167754529805284,"non-sig"
"TG(O-64:8)",-0.284333054414616,0.857526730206209,"non-sig"
