"lipid","signif_mouse","signif_human"
"CER(40:0;O3)",TRUE,TRUE
"CER(41:0;O2)",TRUE,TRUE
"CER(41:2;O2)",TRUE,TRUE
"CER(42:0;O2)",TRUE,TRUE
"DG(O-34:0)",TRUE,TRUE
"HEXCER(34:1;O3)",TRUE,TRUE
"HEXCER(41:1;O2)",TRUE,TRUE
"HEXCER(43:1;O2)",TRUE,TRUE
"LPC(15:0)",TRUE,TRUE
"LPC(16:0)",TRUE,TRUE
"LPC(17:0)",TRUE,TRUE
"LPC(17:1)",TRUE,TRUE
"LPC(18:0)",TRUE,TRUE
"LPC(18:2)",TRUE,TRUE
"LPC(18:3)",TRUE,TRUE
"LPC(19:0)",TRUE,TRUE
"LPC(19:1)",TRUE,TRUE
"LPC(20:0)",TRUE,TRUE
"LPC(20:1)",TRUE,TRUE
"LPC(20:2)",TRUE,TRUE
"LPC(20:3)",TRUE,TRUE
"LPC(20:4)",TRUE,TRUE
"LPC(20:5)",TRUE,TRUE
"LPC(21:0)",TRUE,TRUE
"LPC(22:1)",TRUE,TRUE
"LPC(22:2)",TRUE,TRUE
"LPC(22:3)",TRUE,TRUE
"LPC(22:4)",TRUE,TRUE
"LPC(22:5)",TRUE,TRUE
"LPC(24:1)",TRUE,TRUE
"LPC(24:5)",TRUE,TRUE
"LPC(24:6)",TRUE,TRUE
"LPC(26:4)",TRUE,TRUE
"LPC(O-20:0)",TRUE,TRUE
"LPC(O-22:1)",TRUE,TRUE
"LPC(O-22:2)",TRUE,TRUE
"LPE(18:2)",TRUE,TRUE
"LPE(20:1)",TRUE,TRUE
"PC(35:0)",TRUE,TRUE
"PC(36:0)",TRUE,TRUE
"PC(37:1)",TRUE,TRUE
"PC(37:2)",TRUE,TRUE
"PC(38:1)",TRUE,TRUE
"PC(38:2)",TRUE,TRUE
"PC(40:2)",TRUE,TRUE
"PC(40:3)",TRUE,TRUE
"PC(42:3)",TRUE,TRUE
"PC(O-32:2)",TRUE,TRUE
"PC(O-33:2)",TRUE,TRUE
"PC(O-34:3)",TRUE,TRUE
"PC(O-34:4)",TRUE,TRUE
"PC(O-35:4)",TRUE,TRUE
"PC(O-36:0)",TRUE,TRUE
"PC(O-38:0)",TRUE,TRUE
"PC(O-38:4)",TRUE,TRUE
"PC(O-40:1)",TRUE,TRUE
"PC(O-40:2)",TRUE,TRUE
"PC(O-40:3)",TRUE,TRUE
"PC(O-41:4)",TRUE,TRUE
"PC(O-42:3)",TRUE,TRUE
"PC(O-42:4)",TRUE,TRUE
"PC(O-42:6)",TRUE,TRUE
"PC(O-44:5)",TRUE,TRUE
"PE(O-38:6)",TRUE,TRUE
"PI(32:0)",TRUE,TRUE
"PI(35:2)",TRUE,TRUE
"PI(36:1)",TRUE,TRUE
"PI(36:2)",TRUE,TRUE
"PI(38:3)",TRUE,TRUE
"PI(40:6)",TRUE,TRUE
"SM(32:1;O3)",TRUE,TRUE
"SM(33:0;O2)",TRUE,TRUE
"TG(47:0)",TRUE,TRUE
"TG(51:2)",TRUE,TRUE
"TG(51:5)",TRUE,TRUE
"TG(53:0)",TRUE,TRUE
"TG(53:6)",TRUE,TRUE
"TG(54:0)",TRUE,TRUE
"TG(55:0)",TRUE,TRUE
"TG(55:1)",TRUE,TRUE
"TG(56:0)",TRUE,TRUE
"TG(56:1)",TRUE,TRUE
"TG(57:2)",TRUE,TRUE
"TG(58:0)",TRUE,TRUE
"TG(58:1)",TRUE,TRUE
"TG(60:1)",TRUE,TRUE
"TG(61:2)",TRUE,TRUE
"TG(62:2)",TRUE,TRUE
"TG(66:3)",TRUE,TRUE
"TG(68:3)",TRUE,TRUE
"TG(68:4)",TRUE,TRUE
"TG(70:5)",TRUE,TRUE
"TG(O-48:2)",TRUE,TRUE
"TG(O-50:2)",TRUE,TRUE
"TG(O-50:3)",TRUE,TRUE
"TG(O-52:2)",TRUE,TRUE
"TG(O-52:3)",TRUE,TRUE
"TG(O-54:2)",TRUE,TRUE
"TG(O-54:3)",TRUE,TRUE
"TG(O-54:4)",TRUE,TRUE
"TG(O-56:3)",TRUE,TRUE
"TG(O-56:4)",TRUE,TRUE
"FA19:1",TRUE,TRUE
"FA22:5",TRUE,TRUE
"PS(36:1)",TRUE,TRUE
"PS(38:6)",TRUE,TRUE
"CER(34:0;O2)",FALSE,TRUE
"CER(34:1;O2)",FALSE,TRUE
"CER(34:2;O2)",FALSE,TRUE
"CER(36:1;O2)",FALSE,TRUE
"CER(37:1;O2)",FALSE,TRUE
"CER(38:0;O3)",FALSE,TRUE
"CER(39:0;O2)",FALSE,TRUE
"CER(39:1;O2)",FALSE,TRUE
"CER(40:0;O2)",FALSE,TRUE
"CER(40:1;O2)",FALSE,TRUE
"CER(41:1;O2)",FALSE,TRUE
"CER(41:1;O3)",FALSE,TRUE
"CER(42:0;O3)",FALSE,TRUE
"CER(42:1;O2)",FALSE,TRUE
"CER(42:3;O2)",FALSE,TRUE
"CER(43:0;O2)",FALSE,TRUE
"CER(43:1;O2)",FALSE,TRUE
"CER(43:2;O2)",FALSE,TRUE
"CER(44:0;O2)",FALSE,TRUE
"CER(44:1;O2)",FALSE,TRUE
"CER(44:2;O2)",FALSE,TRUE
"DG(34:4)",FALSE,TRUE
"DG(36:3)",FALSE,TRUE
"DG(40:8)",FALSE,TRUE
"DG(O-36:0)",FALSE,TRUE
"FA16:1",FALSE,TRUE
"FA17:0",FALSE,TRUE
"FA18:0",FALSE,TRUE
"FA18:1",FALSE,TRUE
"FA18:2",FALSE,TRUE
"FA19:0",FALSE,TRUE
"FA20:0",FALSE,TRUE
"FA21:0",FALSE,TRUE
"FA24:1",FALSE,TRUE
"FA25:0",FALSE,TRUE
"FA25:1",FALSE,TRUE
"FA26:0",FALSE,TRUE
"FA26:1",FALSE,TRUE
"HEX2CER(42:1;O2)",FALSE,TRUE
"HEX2CER(42:2;O2)",FALSE,TRUE
"HEXCER(34:1;O2)",FALSE,TRUE
"HEXCER(38:0;O2)",FALSE,TRUE
"HEXCER(38:1;O2)",FALSE,TRUE
"HEXCER(39:1;O2)",FALSE,TRUE
"HEXCER(40:0;O2)",FALSE,TRUE
"HEXCER(40:1;O2)",FALSE,TRUE
"HEXCER(40:2;O2)",FALSE,TRUE
"HEXCER(41:2;O2)",FALSE,TRUE
"HEXCER(42:0;O2)",FALSE,TRUE
"HEXCER(42:1;O2)",FALSE,TRUE
"HEXCER(42:4;O2)",FALSE,TRUE
"LPC(14:1)",FALSE,TRUE
"LPC(16:1)",FALSE,TRUE
"LPC(16:2)",FALSE,TRUE
"LPC(18:4)",FALSE,TRUE
"LPC(22:0)",FALSE,TRUE
"LPC(24:0)",FALSE,TRUE
"LPC(24:2)",FALSE,TRUE
"LPC(25:0)",FALSE,TRUE
"LPC(26:0)",FALSE,TRUE
"LPC(26:1)",FALSE,TRUE
"LPC(26:2)",FALSE,TRUE
"LPC(O-14:0)",FALSE,TRUE
"LPC(O-15:0)",FALSE,TRUE
"LPC(O-16:0)",FALSE,TRUE
"LPC(O-17:0)",FALSE,TRUE
"LPC(O-18:0)",FALSE,TRUE
"LPC(O-18:1)",FALSE,TRUE
"LPC(O-18:2)",FALSE,TRUE
"LPC(O-19:0)",FALSE,TRUE
"LPC(O-22:0)",FALSE,TRUE
"LPC(O-23:0)",FALSE,TRUE
"LPC(O-23:1)",FALSE,TRUE
"LPC(O-24:0)",FALSE,TRUE
"LPC(O-24:1)",FALSE,TRUE
"LPC(O-24:2)",FALSE,TRUE
"LPE(16:1)",FALSE,TRUE
"LPE(18:1)",FALSE,TRUE
"LPE(18:3)",FALSE,TRUE
"LPE(20:0)",FALSE,TRUE
"LPE(20:2)",FALSE,TRUE
"LPE(20:3)",FALSE,TRUE
"LPE(20:5)",FALSE,TRUE
"LPE(22:0)",FALSE,TRUE
"LPE(O-16:1)",FALSE,TRUE
"LPE(O-18:1)",FALSE,TRUE
"LPE(O-20:0)",FALSE,TRUE
"LPE(O-20:1)",FALSE,TRUE
"LPE(O-22:1)",FALSE,TRUE
"LPG(18:1)",FALSE,TRUE
"LPG(18:2)",FALSE,TRUE
"LPI(16:0)",FALSE,TRUE
"LPI(18:0)",FALSE,TRUE
"LPI(20:3)",FALSE,TRUE
"LPI(20:4)",FALSE,TRUE
"LPS(20:4)",FALSE,TRUE
"PA(34:2)",FALSE,TRUE
"PC(30:0)",FALSE,TRUE
"PC(31:0)",FALSE,TRUE
"PC(32:0)",FALSE,TRUE
"PC(32:2)",FALSE,TRUE
"PC(33:0)",FALSE,TRUE
"PC(33:2)",FALSE,TRUE
"PC(33:3)",FALSE,TRUE
"PC(34:0)",FALSE,TRUE
"PC(34:1)",FALSE,TRUE
"PC(35:2)",FALSE,TRUE
"PC(35:3)",FALSE,TRUE
"PC(35:4)",FALSE,TRUE
"PC(36:2)",FALSE,TRUE
"PC(36:3)",FALSE,TRUE
"PC(36:5)",FALSE,TRUE
"PC(36:6)",FALSE,TRUE
"PC(37:3)",FALSE,TRUE
"PC(37:4)",FALSE,TRUE
"PC(37:5)",FALSE,TRUE
"PC(37:6)",FALSE,TRUE
"PC(38:3)",FALSE,TRUE
"PC(38:6)",FALSE,TRUE
"PC(39:2)",FALSE,TRUE
"PC(39:3)",FALSE,TRUE
"PC(39:4)",FALSE,TRUE
"PC(39:5)",FALSE,TRUE
"PC(39:6)",FALSE,TRUE
"PC(40:0)",FALSE,TRUE
"PC(40:1)",FALSE,TRUE
"PC(40:4)",FALSE,TRUE
"PC(40:5)",FALSE,TRUE
"PC(40:7)",FALSE,TRUE
"PC(40:8)",FALSE,TRUE
"PC(40:9)",FALSE,TRUE
"PC(41:2)",FALSE,TRUE
"PC(41:5)",FALSE,TRUE
"PC(41:6)",FALSE,TRUE
"PC(42:1)",FALSE,TRUE
"PC(42:10)",FALSE,TRUE
"PC(42:2)",FALSE,TRUE
"PC(42:5)",FALSE,TRUE
"PC(42:6)",FALSE,TRUE
"PC(42:7)",FALSE,TRUE
"PC(42:8)",FALSE,TRUE
"PC(42:9)",FALSE,TRUE
"PC(44:12)",FALSE,TRUE
"PC(44:2)",FALSE,TRUE
"PC(44:4)",FALSE,TRUE
"PC(44:5)",FALSE,TRUE
"PC(44:6)",FALSE,TRUE
"PC(44:7)",FALSE,TRUE
"PC(46:4)",FALSE,TRUE
"PC(46:6)",FALSE,TRUE
"PC(46:7)",FALSE,TRUE
"PC(O-30:0)",FALSE,TRUE
"PC(O-30:1)",FALSE,TRUE
"PC(O-31:0)",FALSE,TRUE
"PC(O-32:0)",FALSE,TRUE
"PC(O-32:1)",FALSE,TRUE
"PC(O-32:3)",FALSE,TRUE
"PC(O-34:0)",FALSE,TRUE
"PC(O-34:1)",FALSE,TRUE
"PC(O-34:2)",FALSE,TRUE
"PC(O-36:3)",FALSE,TRUE
"PC(O-36:4)",FALSE,TRUE
"PC(O-36:5)",FALSE,TRUE
"PC(O-36:6)",FALSE,TRUE
"PC(O-38:1)",FALSE,TRUE
"PC(O-38:3)",FALSE,TRUE
"PC(O-38:5)",FALSE,TRUE
"PC(O-38:6)",FALSE,TRUE
"PC(O-38:7)",FALSE,TRUE
"PC(O-40:6)",FALSE,TRUE
"PC(O-40:7)",FALSE,TRUE
"PC(O-40:8)",FALSE,TRUE
"PC(O-42:1)",FALSE,TRUE
"PC(O-42:2)",FALSE,TRUE
"PC(O-44:3)",FALSE,TRUE
"PC(O-44:4)",FALSE,TRUE
"PC(O-44:6)",FALSE,TRUE
"PE(32:0)",FALSE,TRUE
"PE(32:1)",FALSE,TRUE
"PE(33:2)",FALSE,TRUE
"PE(34:1)",FALSE,TRUE
"PE(34:2)",FALSE,TRUE
"PE(36:1)",FALSE,TRUE
"PE(36:4)",FALSE,TRUE
"PE(37:2)",FALSE,TRUE
"PE(37:5)",FALSE,TRUE
"PE(37:6)",FALSE,TRUE
"PE(38:1)",FALSE,TRUE
"PE(38:2)",FALSE,TRUE
"PE(38:4)",FALSE,TRUE
"PE(38:6)",FALSE,TRUE
"PE(38:7)",FALSE,TRUE
"PE(40:5)",FALSE,TRUE
"PE(40:6)",FALSE,TRUE
"PE(40:7)",FALSE,TRUE
"PE(41:6)",FALSE,TRUE
"PE(42:10)",FALSE,TRUE
"PE(O-32:3)",FALSE,TRUE
"PE(O-34:0)",FALSE,TRUE
"PE(O-34:2)",FALSE,TRUE
"PE(O-34:3)",FALSE,TRUE
"PE(O-34:4)",FALSE,TRUE
"PE(O-34:5)",FALSE,TRUE
"PE(O-35:5)",FALSE,TRUE
"PE(O-36:1)",FALSE,TRUE
"PE(O-36:2)",FALSE,TRUE
"PE(O-36:3)",FALSE,TRUE
"PE(O-36:5)",FALSE,TRUE
"PE(O-36:6)",FALSE,TRUE
"PE(O-36:7)",FALSE,TRUE
"PE(O-37:1)",FALSE,TRUE
"PE(O-37:5)",FALSE,TRUE
"PE(O-37:6)",FALSE,TRUE
"PE(O-37:7)",FALSE,TRUE
"PE(O-38:2)",FALSE,TRUE
"PE(O-38:3)",FALSE,TRUE
"PE(O-38:4)",FALSE,TRUE
"PE(O-38:5)",FALSE,TRUE
"PE(O-38:7)",FALSE,TRUE
"PE(O-39:2)",FALSE,TRUE
"PE(O-39:5)",FALSE,TRUE
"PE(O-39:6)",FALSE,TRUE
"PE(O-39:7)",FALSE,TRUE
"PE(O-39:8)",FALSE,TRUE
"PE(O-40:2)",FALSE,TRUE
"PE(O-40:3)",FALSE,TRUE
"PE(O-40:5)",FALSE,TRUE
"PE(O-40:6)",FALSE,TRUE
"PE(O-40:7)",FALSE,TRUE
"PE(O-40:8)",FALSE,TRUE
"PE(O-40:9)",FALSE,TRUE
"PE(O-41:6)",FALSE,TRUE
"PE(O-41:7)",FALSE,TRUE
"PE(O-42:3)",FALSE,TRUE
"PE(O-42:4)",FALSE,TRUE
"PE(O-42:5)",FALSE,TRUE
"PE(O-42:6)",FALSE,TRUE
"PE(O-42:7)",FALSE,TRUE
"PE(O-44:4)",FALSE,TRUE
"PE(O-44:5)",FALSE,TRUE
"PE(O-44:6)",FALSE,TRUE
"PE(O-44:7)",FALSE,TRUE
"PE(O-46:7)",FALSE,TRUE
"PG(38:4)",FALSE,TRUE
"PI(32:1)",FALSE,TRUE
"PI(33:1)",FALSE,TRUE
"PI(34:0)",FALSE,TRUE
"PI(34:1)",FALSE,TRUE
"PI(34:2)",FALSE,TRUE
"PI(34:3)",FALSE,TRUE
"PI(36:3)",FALSE,TRUE
"PI(36:4)",FALSE,TRUE
"PI(36:5)",FALSE,TRUE
"PI(37:4)",FALSE,TRUE
"PI(38:2)",FALSE,TRUE
"PI(38:4)",FALSE,TRUE
"PI(38:6)",FALSE,TRUE
"PI(38:7)",FALSE,TRUE
"PI(40:4)",FALSE,TRUE
"PI(40:5)",FALSE,TRUE
"PI(40:8)",FALSE,TRUE
"PS(36:2)",FALSE,TRUE
"PS(38:4)",FALSE,TRUE
"PS(38:5)",FALSE,TRUE
"PS(40:5)",FALSE,TRUE
"SM(28:1;O2)",FALSE,TRUE
"SM(30:1;O3)",FALSE,TRUE
"SM(30:2;O3)",FALSE,TRUE
"SM(31:1;O2)",FALSE,TRUE
"SM(32:0;O2)",FALSE,TRUE
"SM(32:1;O2)",FALSE,TRUE
"SM(32:2;O2)",FALSE,TRUE
"SM(33:1;O2)",FALSE,TRUE
"SM(33:1;O3)",FALSE,TRUE
"SM(34:0;O2)",FALSE,TRUE
"SM(34:2;O2)",FALSE,TRUE
"SM(34:3;O2)",FALSE,TRUE
"SM(35:1;O2)",FALSE,TRUE
"SM(35:2;O2)",FALSE,TRUE
"SM(36:1;O2)",FALSE,TRUE
"SM(36:1;O3)",FALSE,TRUE
"SM(36:2;O3)",FALSE,TRUE
"SM(36:3;O2)",FALSE,TRUE
"SM(36:4;O2)",FALSE,TRUE
"SM(37:1;O2)",FALSE,TRUE
"SM(37:2;O2)",FALSE,TRUE
"SM(38:0;O2)",FALSE,TRUE
"SM(38:1;O2)",FALSE,TRUE
"SM(38:2;O2)",FALSE,TRUE
"SM(38:3;O2)",FALSE,TRUE
"SM(38:4;O2)",FALSE,TRUE
"SM(39:0;O2)",FALSE,TRUE
"SM(39:1;O2)",FALSE,TRUE
"SM(39:2;O2)",FALSE,TRUE
"SM(40:0;O2)",FALSE,TRUE
"SM(40:1;O2)",FALSE,TRUE
"SM(40:2;O2)",FALSE,TRUE
"SM(40:4;O2)",FALSE,TRUE
"SM(40:6;O2)",FALSE,TRUE
"SM(41:0;O2)",FALSE,TRUE
"SM(41:1;O2)",FALSE,TRUE
"SM(41:2;O2)",FALSE,TRUE
"SM(41:3;O2)",FALSE,TRUE
"SM(42:0;O2)",FALSE,TRUE
"SM(42:0;O3)",FALSE,TRUE
"SM(42:1;O2)",FALSE,TRUE
"SM(42:1;O3)",FALSE,TRUE
"SM(42:2;O2)",FALSE,TRUE
"SM(42:5;O2)",FALSE,TRUE
"SM(43:1;O2)",FALSE,TRUE
"SM(43:2;O2)",FALSE,TRUE
"SM(43:3;O2)",FALSE,TRUE
"SM(44:1;O2)",FALSE,TRUE
"SM(44:2;O2)",FALSE,TRUE
"SM(44:6;O2)",FALSE,TRUE
"ST(18:1)",FALSE,TRUE
"ST(18:2)",FALSE,TRUE
"ST(18:3)",FALSE,TRUE
"ST(20:2)",FALSE,TRUE
"ST(20:4)",FALSE,TRUE
"ST(22:6)",FALSE,TRUE
"ST(27:1)",FALSE,TRUE
"ST(28:2)",FALSE,TRUE
"TG(40:0)",FALSE,TRUE
"TG(43:1)",FALSE,TRUE
"TG(44:0)",FALSE,TRUE
"TG(44:1)",FALSE,TRUE
"TG(45:0)",FALSE,TRUE
"TG(45:1)",FALSE,TRUE
"TG(46:0)",FALSE,TRUE
"TG(46:1)",FALSE,TRUE
"TG(46:2)",FALSE,TRUE
"TG(47:1)",FALSE,TRUE
"TG(47:2)",FALSE,TRUE
"TG(47:3)",FALSE,TRUE
"TG(48:0)",FALSE,TRUE
"TG(48:1)",FALSE,TRUE
"TG(48:2)",FALSE,TRUE
"TG(48:3)",FALSE,TRUE
"TG(48:4)",FALSE,TRUE
"TG(48:5)",FALSE,TRUE
"TG(48:6)",FALSE,TRUE
"TG(49:1)",FALSE,TRUE
"TG(49:2)",FALSE,TRUE
"TG(49:3)",FALSE,TRUE
"TG(49:4)",FALSE,TRUE
"TG(50:3)",FALSE,TRUE
"TG(50:4)",FALSE,TRUE
"TG(50:5)",FALSE,TRUE
"TG(50:6)",FALSE,TRUE
"TG(50:7)",FALSE,TRUE
"TG(51:0)",FALSE,TRUE
"TG(51:3)",FALSE,TRUE
"TG(51:4)",FALSE,TRUE
"TG(51:6)",FALSE,TRUE
"TG(52:1)",FALSE,TRUE
"TG(52:5)",FALSE,TRUE
"TG(52:6)",FALSE,TRUE
"TG(52:7)",FALSE,TRUE
"TG(52:8)",FALSE,TRUE
"TG(53:3)",FALSE,TRUE
"TG(53:4)",FALSE,TRUE
"TG(53:5)",FALSE,TRUE
"TG(54:3)",FALSE,TRUE
"TG(54:9)",FALSE,TRUE
"TG(56:10)",FALSE,TRUE
"TG(56:5)",FALSE,TRUE
"TG(58:5)",FALSE,TRUE
"TG(58:6)",FALSE,TRUE
"TG(59:6)",FALSE,TRUE
"TG(62:10)",FALSE,TRUE
"TG(O-48:0)",FALSE,TRUE
"TG(O-48:1)",FALSE,TRUE
"TG(O-50:0)",FALSE,TRUE
"TG(O-50:1)",FALSE,TRUE
"TG(O-51:0)",FALSE,TRUE
"TG(O-51:1)",FALSE,TRUE
"TG(O-52:0)",FALSE,TRUE
"TG(O-52:1)",FALSE,TRUE
"TG(O-53:0)",FALSE,TRUE
"TG(O-53:1)",FALSE,TRUE
"TG(O-54:1)",FALSE,TRUE
"TG(O-54:5)",FALSE,TRUE
"TG(O-55:1)",FALSE,TRUE
"TG(O-55:2)",FALSE,TRUE
"TG(O-55:3)",FALSE,TRUE
"TG(O-56:0)",FALSE,TRUE
"TG(O-56:1)",FALSE,TRUE
"TG(O-56:2)",FALSE,TRUE
"TG(O-56:7)",FALSE,TRUE
"TG(O-57:2)",FALSE,TRUE
"TG(O-57:3)",FALSE,TRUE
"TG(O-58:1)",FALSE,TRUE
"TG(O-58:2)",FALSE,TRUE
"TG(O-58:3)",FALSE,TRUE
"TG(O-58:4)",FALSE,TRUE
"TG(O-58:5)",FALSE,TRUE
"TG(O-58:6)",FALSE,TRUE
"TG(O-58:8)",FALSE,TRUE
"TG(O-59:2)",FALSE,TRUE
"TG(O-59:3)",FALSE,TRUE
"TG(O-60:1)",FALSE,TRUE
"TG(O-60:2)",FALSE,TRUE
"TG(O-60:3)",FALSE,TRUE
"TG(O-60:5)",FALSE,TRUE
"TG(O-60:6)",FALSE,TRUE
"TG(O-62:2)",FALSE,TRUE
"TG(O-62:3)",FALSE,TRUE
"TG(O-62:6)",FALSE,TRUE
"CER(41:0;O3)",TRUE,FALSE
"CER(42:1;O3)",TRUE,FALSE
"CER(43:0;O3)",TRUE,FALSE
"DG(40:6)",TRUE,FALSE
"DG(O-36:1)",TRUE,FALSE
"HEXCER(34:2;O2)",TRUE,FALSE
"LPC(14:0)",TRUE,FALSE
"LPC(15:1)",TRUE,FALSE
"LPC(18:1)",TRUE,FALSE
"LPC(21:1)",TRUE,FALSE
"LPC(22:6)",TRUE,FALSE
"LPC(23:1)",TRUE,FALSE
"LPC(24:3)",TRUE,FALSE
"LPC(O-20:1)",TRUE,FALSE
"PC(32:1)",TRUE,FALSE
"PC(42:4)",TRUE,FALSE
"PC(O-35:2)",TRUE,FALSE
"PC(O-36:2)",TRUE,FALSE
"PC(O-38:2)",TRUE,FALSE
"PC(O-40:4)",TRUE,FALSE
"PC(O-40:5)",TRUE,FALSE
"PC(O-41:3)",TRUE,FALSE
"PC(O-42:5)",TRUE,FALSE
"PC(O-43:5)",TRUE,FALSE
"PC(O-44:7)",TRUE,FALSE
"PE(34:3)",TRUE,FALSE
"TG(52:2)",TRUE,FALSE
"TG(52:3)",TRUE,FALSE
"TG(53:2)",TRUE,FALSE
"TG(54:7)",TRUE,FALSE
"TG(55:2)",TRUE,FALSE
"TG(56:2)",TRUE,FALSE
"TG(57:3)",TRUE,FALSE
"TG(57:4)",TRUE,FALSE
"TG(58:2)",TRUE,FALSE
"TG(58:3)",TRUE,FALSE
"TG(59:2)",TRUE,FALSE
"TG(59:3)",TRUE,FALSE
"TG(60:2)",TRUE,FALSE
"TG(60:3)",TRUE,FALSE
"TG(60:4)",TRUE,FALSE
"TG(60:5)",TRUE,FALSE
"TG(61:3)",TRUE,FALSE
"TG(61:4)",TRUE,FALSE
"TG(61:5)",TRUE,FALSE
"TG(62:3)",TRUE,FALSE
"TG(62:4)",TRUE,FALSE
"TG(62:5)",TRUE,FALSE
"TG(68:5)",TRUE,FALSE
"TG(O-51:2)",TRUE,FALSE
"TG(O-52:4)",TRUE,FALSE
