"lipid","T_stat_human","T_stat_mouse"
"CER(32:1;O2)",1.37079687397576,1.22550408430507
"CER(33:1;O2)",-0.120477651180498,0.387431032954286
"CER(34:0;O2)",3.43289251241977,-0.659919796169497
"CER(34:0;O3)",-1.54040572837094,-2.35964958490956
"CER(34:1;O2)",10.10618909233,-0.999831096174054
"CER(34:2;O2)",4.63231539848333,2.88482671371148
"CER(36:1;O2)",8.64223226624244,1.46233162062403
"CER(37:1;O2)",4.88076849806021,0.95354871933455
"CER(38:0;O2)",-2.11549262231431,0.959307439779015
"CER(38:0;O3)",2.30744322636559,-0.216881746574624
"CER(38:1;O2)",0.497002579399384,1.07115345627561
"CER(39:0;O2)",-4.26603568107512,-0.356919590311171
"CER(39:1;O2)",-3.78288504865148,-1.95834105870212
"CER(40:0;O2)",-9.49476592011658,-2.54873228226244
"CER(40:0;O3)",-2.29636915794058,-3.07440149092777
"CER(40:1;O2)",-2.69159651516137,-1.60301740005822
"CER(40:2;O2)",-0.0306820445269522,-1.47145930960468
"CER(40:3;O2)",1.33940154601573,0.920622054242682
"CER(41:0;O2)",-8.45561064162668,-5.42932559074776
"CER(41:0;O3)",-2.00265082145249,-4.02056627544476
"CER(41:1;O2)",-5.61629153850408,-2.2806280182016
"CER(41:1;O3)",3.18911170945909,-0.608534931261907
"CER(41:2;O2)",-4.00013885952643,-3.29066141520843
"CER(42:0;O2)",-10.7871672881386,-3.77506961134326
"CER(42:0;O3)",-4.37861354593401,-1.79831083960325
"CER(42:1;O2)",-6.7850140318309,-1.67034083663619
"CER(42:1;O3)",-0.808893380896912,-4.21944657267163
"CER(42:2;O2)",1.76894037750084,-2.36129959235728
"CER(42:2;O3)",-0.42888483443307,-0.260639855170291
"CER(42:3;O2)",4.78076869254959,-2.30872843654354
"CER(43:0;O2)",-7.6569276562092,-1.07532022238927
"CER(43:0;O3)",-2.1397418107355,-4.52249879247915
"CER(43:1;O2)",-2.25008535337906,-1.63467389482596
"CER(43:2;O2)",-3.55336551915266,-1.96300379464632
"CER(44:0;O2)",-6.22524385897044,-0.0802809798354662
"CER(44:0;O3)",0.239609961926987,-0.0844800934526238
"CER(44:1;O2)",-9.89678848222537,-1.77055749126922
"CER(44:2;O2)",-2.7916391718715,1.25215634819084
"CER(46:0;O2)",-1.01467023608897,-0.262343371298477
"CER(46:0;O3)",-0.252559453485803,0.635729223771889
"DG(34:0)",-0.643409707518218,-0.98894290495196
"DG(34:1)",1.62419002056602,-2.19936135795022
"DG(34:2)",1.84554043371951,-1.6643740130389
"DG(34:3)",-1.83343169870648,-0.459709556137611
"DG(34:4)",-4.01838920699286,0.454891862820135
"DG(35:2)",-0.960853099765618,-2.12871924404905
"DG(36:1)",0.846020241136176,-1.97511617903893
"DG(36:2)",1.4267023387639,-2.88988832397022
"DG(36:3)",2.26362028884575,-2.25905584517185
"DG(36:4)",1.8739174228236,-1.27664843017711
"DG(36:5)",-1.71723685348647,-1.15682313724902
"DG(38:2)",0.0529129592896916,-2.24942518544492
"DG(38:3)",0.460229269391534,-1.98848491187639
"DG(38:4)",0.311708436149916,-1.84455069723902
"DG(38:5)",1.2853250756278,-0.886972686302767
"DG(38:6)",1.05387348166163,1.4751273669786
"DG(38:7)",-0.892905565332056,0.592965411375017
"DG(40:5)",1.31833713126832,-1.6890776478884
"DG(40:6)",1.48043865022153,-3.87492041712856
"DG(40:7)",1.86783761466769,-0.523919285580832
"DG(40:8)",2.31263376139584,2.99750104428585
"DG(42:10)",0.822883723751992,-0.302912657319892
"DG(42:8)",-1.69338800468135,-0.602685679550144
"DG(44:12)",-0.820082950633185,1.84294511110007
"DG(O-34:0)",-2.8887930094639,-4.24460478239293
"DG(O-36:0)",-4.07581552130589,-1.49738379594649
"DG(O-36:1)",-1.63711567842309,-3.66297206859655
"DG(O-38:1)",-1.53331369635115,-2.59218186096204
"DG(O-40:3)",0.935062885899938,-2.87897802067083
"DG(O-42:2)",-0.578648273822299,0.98284821295184
"DG(O-42:3)",-1.68304578334175,0.920870473714329
"FA13:1",-0.386181908955092,2.09570280020758
"FA14:0",-0.154463515019203,0.773634204201123
"FA14:1",-3.45676402587882,4.22596058976668
"FA15:0",-0.867975540552079,1.50540773214587
"FA15:1",-1.7477000274843,-0.496129748886086
"FA16:0",1.33090342706389,1.94193563152355
"FA16:1",4.99450298124442,2.36127022877425
"FA17:0",3.24596547847519,1.85740675741537
"FA17:1",2.14038993967988,2.65599141281009
"FA18:0",2.98754923901142,1.53577122113055
"FA18:1",7.89382416375132,2.45432247910351
"FA18:2",5.18072821643179,2.03163609533509
"FA18:3",-0.220564801960972,-0.0460881410003059
"FA19:0",3.01518374126036,1.36334883433565
"FA19:1",2.31099343679273,3.13073271486936
"FA20:0",-2.72672077299416,0.654373471059203
"FA20:1",1.87967111241346,1.81067093634598
"FA20:2",1.10053412928142,2.76203992741672
"FA20:3",-0.611275460973376,1.84082826816185
"FA20:4",-0.408137435628833,1.60048118396396
"FA20:5",1.78687685212573,2.13850314069572
"FA21:0",3.28327696234739,-0.161063267672311
"FA21:1",-1.4569842501657,1.68598123070105
"FA22:0",1.34705038470849,-0.69033972506309
"FA22:1",0.804227641088728,1.31632284492275
"FA22:3",-0.868380228895306,2.03380696286175
"FA22:4",0.579330007003163,2.66249066488791
"FA22:5",2.36905402798755,3.04071552545147
"FA22:6",0.426661698119853,2.56449492287968
"FA23:0",-1.97808425590232,-1.01083013814118
"FA24:0",-0.297344821658045,-0.813186055486098
"FA24:1",3.81733281003451,1.080183157856
"FA25:0",-3.70720328388498,-1.35613393404595
"FA25:1",-3.21388854539325,0.416746815754298
"FA26:0",-3.42705812507361,-1.32116697600954
"FA26:1",-4.5275396350924,0.419023910601182
"FA28:0",-1.04525019094129,-1.62915694793324
"HEX2CER(34:2;O2)",0.377624812734494,-1.55184240227098
"HEX2CER(42:1;O2)",-5.04825496243189,1.85956977831818
"HEX2CER(42:2;O2)",-2.39067442283174,1.77224883582795
"HEX3CER(34:1;O2)",-1.44778152820489,0.425161705044927
"HEXCER(33:1;O2)",-2.11671821589412,0.745545760376398
"HEXCER(34:0;O2)",0.281964318038308,-1.39428618009443
"HEXCER(34:1;O2)",2.62266970676825,1.14061329000825
"HEXCER(34:1;O3)",-5.32864742549621,-4.68365808678299
"HEXCER(34:2;O2)",-1.15961753667891,-9.99242846199773
"HEXCER(36:1;O2)",-0.314438496257681,1.01153773013323
"HEXCER(38:0;O2)",2.93891849783249,-0.452983044873828
"HEXCER(38:1;O2)",-5.99358340686351,-1.2333457270364
"HEXCER(39:1;O2)",-8.11574934950888,-2.52201032258196
"HEXCER(40:0;O2)",-8.8019602580087,-1.90287227386623
"HEXCER(40:1;O2)",-6.24273697899497,-2.18634158610264
"HEXCER(40:2;O2)",-5.91534816896726,-2.06509207790744
"HEXCER(41:1;O2)",-4.65873626385555,-3.35230517407177
"HEXCER(41:2;O2)",-5.35797442018263,-2.95047740953479
"HEXCER(42:0;O2)",-4.73657305991251,-2.22547330846665
"HEXCER(42:1;O2)",-6.44244454092076,-2.80013349574328
"HEXCER(42:1;O3)",-1.43795732243438,-1.73281599747187
"HEXCER(42:2;O2)",-1.36463550992233,-2.56267389451111
"HEXCER(42:3;O2)",-1.810932135903,-1.78546173884308
"HEXCER(42:4;O2)",3.49814481431252,1.43966684469947
"HEXCER(43:1;O2)",-5.80688676715063,-3.58587813649529
"LPC(14:0)",1.82844038593363,-3.22225851470482
"LPC(14:1)",-3.74020606224973,-0.996213111088862
"LPC(15:0)",-9.88027394396044,-3.10202784009097
"LPC(15:1)",-0.88933898186643,-5.25444508628252
"LPC(16:0)",-6.31944203785611,-3.10263369011013
"LPC(16:1)",-4.13689815394065,-2.32883963586571
"LPC(16:2)",-4.23164136662581,-1.41674666543213
"LPC(17:0)",-9.23348598542005,-4.05672816005705
"LPC(17:1)",-7.12740399513648,-3.36974899486318
"LPC(17:2)",2.91294710848074,-3.6211931782282
"LPC(18:0)",-8.91397866137697,-3.29590569515995
"LPC(18:1)",-1.44135479157184,-3.8082891727788
"LPC(18:2)",-7.4720996748077,-3.86757701939987
"LPC(18:3)",-3.9729845769877,-3.40586797588166
"LPC(18:4)",-4.8365063288184,-2.89428844203775
"LPC(19:0)",-10.7239302144094,-5.11440135400257
"LPC(19:1)",-6.10849317802576,-4.8175589065576
"LPC(20:0)",-10.3899826653971,-3.84767689364279
"LPC(20:1)",-5.35455806678417,-6.80774520277245
"LPC(20:2)",-4.85162006581773,-7.80781479779221
"LPC(20:3)",-2.65466323286267,-8.1544287913275
"LPC(20:4)",-2.68256991636052,-4.22754464608128
"LPC(20:5)",-3.74386679257475,-4.8191841303629
"LPC(21:0)",-7.26711731072032,-3.30464405038288
"LPC(21:1)",1.46746743154754,-5.04421557048323
"LPC(22:0)",-9.80726352242931,-2.83921095886138
"LPC(22:1)",-4.06211432587689,-4.33641204889372
"LPC(22:2)",-3.15965888130759,-4.67598010558859
"LPC(22:3)",-2.81007325890916,-6.93348856242741
"LPC(22:4)",-3.19428058333612,-6.17238044854652
"LPC(22:5)",-2.64736361176669,-5.59844794877003
"LPC(22:6)",-1.86613976552475,-5.13315495245147
"LPC(23:0)",1.12550749218566,-2.57580209160956
"LPC(23:1)",-2.0634541969414,-3.42491079079797
"LPC(24:0)",-9.71160548853987,-2.43250114820798
"LPC(24:1)",-8.40444805446504,-3.04354582164283
"LPC(24:2)",-3.01701163067944,-2.6859029508587
"LPC(24:3)",-1.34850008418925,-3.57097483849792
"LPC(24:5)",-4.01338505020056,-5.20807821028377
"LPC(24:6)",-6.37189887001976,-6.27810343660549
"LPC(25:0)",-10.5282894404655,-1.9675940136197
"LPC(25:1)",1.45214701323012,-2.75387234636527
"LPC(26:0)",-9.03338156158173,-2.14193086087799
"LPC(26:1)",-9.23645038225656,-2.65384573032725
"LPC(26:2)",-5.96546651560728,-2.72276229432369
"LPC(26:4)",-8.33309355559702,-4.07198035155089
"LPC(O-14:0)",-6.6872127420293,-1.84417757674627
"LPC(O-15:0)",-9.3050529818014,-2.39384550490077
"LPC(O-16:0)",-7.42333686328905,-1.76640270591327
"LPC(O-17:0)",-5.88176526921189,-2.73342871621013
"LPC(O-18:0)",-5.48769578095453,-2.73428223417576
"LPC(O-18:1)",-3.1984277800554,-2.39327777428019
"LPC(O-18:2)",-5.46668796127081,-2.48757024686009
"LPC(O-19:0)",-6.22945274807633,-2.94628918111653
"LPC(O-20:0)",-4.58166020579408,-3.31927733825026
"LPC(O-20:1)",-1.96332958615781,-3.75676306342797
"LPC(O-20:2)",-1.18364413843738,-1.84626259816671
"LPC(O-21:0)",-1.49195641828032,-2.95284378705616
"LPC(O-22:0)",-5.35602070736416,-2.72439070804149
"LPC(O-22:1)",-3.14450413704178,-3.61634136527196
"LPC(O-22:2)",-2.77316252925661,-3.00971190302525
"LPC(O-23:0)",-8.42041881253221,-1.79652064845168
"LPC(O-23:1)",-3.26150941562973,-2.58982764516804
"LPC(O-24:0)",-3.67470454583025,-2.24034652235161
"LPC(O-24:1)",-4.28744462835415,-2.66701574471993
"LPC(O-24:2)",-5.54804652501302,-2.16526348470867
"LPE(16:0)",2.11493633659511,-2.644333865088
"LPE(16:1)",-2.48635798290062,-1.37570932770919
"LPE(17:0)",-1.09758700704952,-2.48614696766229
"LPE(18:0)",0.817510497971117,-2.39908199741116
"LPE(18:1)",-3.39695744891091,-2.78275271869871
"LPE(18:2)",-4.60198659877397,-3.23110066523286
"LPE(18:3)",-6.29560449838684,-2.41949901115434
"LPE(20:0)",-7.33676014759813,-2.61127780883614
"LPE(20:1)",-3.63841988944315,-4.39028159649445
"LPE(20:2)",-3.18833478257497,-0.479820229853352
"LPE(20:3)",-3.63858541878995,-2.89687114754424
"LPE(20:4)",-0.603045268204754,-1.73161900104994
"LPE(20:5)",-3.35881132754623,-0.179429977873055
"LPE(22:0)",2.59567947712103,-1.9356803120123
"LPE(22:4)",-0.700291185251406,-0.367545711695697
"LPE(22:5)",1.41342767657359,-2.48536772536033
"LPE(22:6)",1.4222192622855,-2.2495421495902
"LPE(O-16:1)",-5.66616772615901,1.94461380385261
"LPE(O-18:0)",0.251067480394374,-1.63217819927917
"LPE(O-18:1)",-9.19372763335344,1.19130029514822
"LPE(O-20:0)",7.78713546068051,-1.44808582980923
"LPE(O-20:1)",-9.06368589861983,-1.28834095478425
"LPE(O-22:1)",-9.12152832270007,-1.78688290946231
"LPE(O-24:2)",-2.05078411456266,-1.22258986007569
"PC(28:0)",-1.23803568851597,-1.07644614681367
"PC(30:0)",-4.52432172774821,-1.11816160264562
"PC(31:0)",-2.69847042704329,-2.27442991491138
"PC(31:3)",0.420959276900958,0.156290261421965
"PC(32:0)",6.77641410596886,-1.25799439107035
"PC(32:1)",1.41762559183242,4.62135865482709
"PC(32:2)",-8.68390983312769,1.30426672346869
"PC(33:0)",-4.60197276333823,-1.46165720494126
"PC(33:1)",-1.20861342199303,1.24699079349647
"PC(33:2)",-5.10596515015219,-2.33398079740329
"PC(33:3)",-5.31611435535616,-1.37704284004195
"PC(34:0)",-5.3340608298965,-2.95881462020214
"PC(34:1)",4.82660768598943,1.1998376173326
"PC(34:2)",-1.69071096298784,-1.289351875971
"PC(34:3)",-5.07509146472288,3.68163216191049
"PC(34:4)",-10.4434980457147,3.52661533293036
"PC(35:0)",-7.28392277590732,-4.16350497830429
"PC(35:1)",-0.373269122626135,0.675066852130632
"PC(35:2)",-5.8726836290324,-1.42471202450524
"PC(35:3)",-9.8220844833822,1.95195463392369
"PC(35:4)",-6.39875596554555,-2.83948761997353
"PC(36:0)",-9.14376804077934,-5.23317186867888
"PC(36:1)",-0.302653279002081,-2.03779264454545
"PC(36:2)",-4.76463017837452,-2.07406779005361
"PC(36:3)",-8.27273018315876,-2.11427733098357
"PC(36:4)",-1.51556132289021,-1.82514547758536
"PC(36:5)",-3.56768116467313,-1.72419719607661
"PC(36:6)",-8.24650222426287,2.58430154057672
"PC(37:1)",-4.08464173664949,-3.16440303474213
"PC(37:2)",-8.33575143921475,-4.01597995079345
"PC(37:3)",-8.8426424008802,-1.57537655789502
"PC(37:4)",-4.59541642802805,-1.94365770302521
"PC(37:5)",-5.87937062169544,-2.00974087588149
"PC(37:6)",-5.97114048853061,-1.79078634067302
"PC(38:1)",-5.91178666043588,-3.24135927669585
"PC(38:2)",-7.29565684468966,-3.6134249319268
"PC(38:3)",-9.06523255426028,-1.49257290237631
"PC(38:4)",-0.997710267434362,-1.21128838024192
"PC(38:5)",-4.72823702952721,4.00880800247174
"PC(38:6)",-2.90681948583854,-1.97363274827008
"PC(38:7)",-8.20255011875201,3.42117225645458
"PC(39:2)",-6.2422155509423,-0.699750627690061
"PC(39:3)",-9.47450250724155,-2.7358617998391
"PC(39:4)",-6.92214500633894,-1.72637539112404
"PC(39:5)",-7.13584124300303,-1.49772202815223
"PC(39:6)",-3.80771389405838,-1.30563975120904
"PC(39:7)",-0.293764483657375,-1.61497637474614
"PC(40:0)",-5.5742946696918,-0.685782907588339
"PC(40:1)",-4.45610111820084,-2.01896486025749
"PC(40:2)",-5.50520911098051,-3.51325864383693
"PC(40:3)",-5.46023156373573,-3.46826212356309
"PC(40:4)",-4.59589355249938,-2.6127373599428
"PC(40:5)",-3.6946232647331,-1.20408329617232
"PC(40:6)",-0.495241619598359,2.86566656628901
"PC(40:7)",-4.16681121144861,2.85082635238772
"PC(40:8)",-13.1939297017481,-2.79574295108296
"PC(40:9)",-6.05256912876578,2.15127976563917
"PC(41:2)",-7.99924851048896,-1.31899651510417
"PC(41:5)",-6.46319849688433,-1.5041576331533
"PC(41:6)",-4.74296303681159,2.09610563834883
"PC(41:7)",-1.04522010103522,0.0265912848218349
"PC(42:1)",-4.51128621696683,-2.20700950027726
"PC(42:10)",-10.6084361517148,-1.67265787991198
"PC(42:2)",-5.84477688426467,-2.92398780840094
"PC(42:3)",-5.94675557093146,-3.10054290588061
"PC(42:4)",-1.68266619073291,-3.30547618065615
"PC(42:5)",-5.21142488486829,-2.64614736384234
"PC(42:6)",-6.15651435362929,-2.25996236439614
"PC(42:7)",-2.4186710414895,1.56161254398998
"PC(42:8)",-9.88061291818615,2.98641305381521
"PC(42:9)",-11.6080407282732,1.8547933013842
"PC(44:12)",-7.78361843068025,-1.58702843443346
"PC(44:2)",-6.53111710149145,-1.92466094412655
"PC(44:4)",-8.10025230694451,-2.64632552160834
"PC(44:5)",-4.57803210337273,-2.51813087994057
"PC(44:6)",-2.70270031317717,-2.92820484264003
"PC(44:7)",-2.49446819761999,-2.62345393911125
"PC(46:4)",-7.14133348397335,-0.765488581362583
"PC(46:6)",-4.79982617035746,-0.540731774995273
"PC(46:7)",-2.45357158816814,-2.93319608559534
"PC(O-30:0)",-4.11282479981723,-0.980528845419176
"PC(O-30:1)",-7.16512289174131,-1.36980251160223
"PC(O-31:0)",-2.560954743739,-1.31946667821466
"PC(O-31:2)",-0.521128410014113,-0.889807002089487
"PC(O-32:0)",3.209861963301,1.67117559941122
"PC(O-32:1)",-3.97037957029944,1.39049967303901
"PC(O-32:2)",-3.40053338214431,-3.62550761835635
"PC(O-32:3)",-7.64521778572489,-2.37945978286077
"PC(O-33:0)",-1.21912622150612,-1.57729613110903
"PC(O-33:1)",1.29765266426613,-2.80344908287001
"PC(O-33:2)",-7.11181432916974,-4.00480090854036
"PC(O-34:0)",-2.29189541317156,-1.82697836588632
"PC(O-34:1)",2.93601265855655,-1.63875548981521
"PC(O-34:2)",-6.80215075418574,-1.45176519124244
"PC(O-34:3)",-9.21088522597906,-3.02142059607191
"PC(O-34:4)",-8.74838965360687,-3.97355320254266
"PC(O-35:2)",1.41830382510344,-3.17557250969745
"PC(O-35:4)",-7.57198564620107,-4.10573460659667
"PC(O-36:0)",-7.75226547469252,-3.54559712987669
"PC(O-36:1)",2.45393258153582,-3.45207206556331
"PC(O-36:2)",-0.197142739200478,-3.62970838851654
"PC(O-36:3)",-4.77330970406681,1.59197546775389
"PC(O-36:4)",-7.05732923862458,-1.58667546253972
"PC(O-36:5)",-4.33749695094912,-2.31826191798199
"PC(O-36:6)",-3.01714442553175,-2.11608631569043
"PC(O-38:0)",-6.28053614642368,-3.64224028332454
"PC(O-38:1)",-2.20488588674708,-1.25862479908007
"PC(O-38:2)",-0.453128861435598,-3.53183092919595
"PC(O-38:3)",-4.83590842609961,-2.38292992967536
"PC(O-38:4)",-2.95339121235648,-3.33341511277422
"PC(O-38:5)",-4.12282486340658,-1.40500838156526
"PC(O-38:6)",-5.80865261647491,-1.91028054305819
"PC(O-38:7)",-3.57229946806232,-2.09905668315292
"PC(O-39:4)",2.46876083176593,-3.50721030743719
"PC(O-39:6)",0.580633092800258,-1.49556947325267
"PC(O-40:1)",-2.15329048194053,-3.28018604878738
"PC(O-40:2)",-2.53020551624851,-3.3097785223584
"PC(O-40:3)",-2.8015636208525,-3.9495237822952
"PC(O-40:4)",-1.93966175962731,-3.5186562466472
"PC(O-40:5)",-1.08533193697201,-3.22002287164468
"PC(O-40:6)",-3.73790873886585,-1.72414469292906
"PC(O-40:7)",-3.57020598695391,-1.82619448867423
"PC(O-40:8)",-4.07585222292046,-2.14024844618365
"PC(O-41:3)",-0.284473068900614,-3.19307502182418
"PC(O-41:4)",-2.68637719994283,-3.57241490304388
"PC(O-41:6)",0.112333276528248,-2.75580442838731
"PC(O-42:1)",-2.85664261667195,-2.85259118625748
"PC(O-42:2)",-3.64507313266067,-2.91127329058053
"PC(O-42:3)",-4.70276009797018,-3.37035306778442
"PC(O-42:4)",-4.39872869601067,-3.17797451213983
"PC(O-42:5)",-1.1449583915625,-3.33890474128229
"PC(O-42:6)",-3.67324894143137,-3.03648483651241
"PC(O-42:7)",-2.06893492968122,-2.53459310550485
"PC(O-42:8)",-1.93918782106253,-1.57360433500516
"PC(O-43:5)",-1.91366800060826,-3.43909731731507
"PC(O-44:3)",-4.22501381416697,-2.56189920477342
"PC(O-44:4)",-4.07982033803304,-2.86836287420674
"PC(O-44:5)",-2.70253403177036,-3.14008248807008
"PC(O-44:6)",-4.41067545144899,-2.88612138932928
"PC(O-44:7)",-1.41835713932348,-3.16988839380352
"PC(O-44:8)",-1.96758035636194,-2.89972701360573
"PC(O-46:7)",-2.02944606229636,-2.67481309787157
"PC(O-46:8)",-2.14029964570354,-2.29334352474386
"PE(32:0)",3.21108047415931,0.839709228180805
"PE(32:1)",5.08483950219295,0.918729354008615
"PE(33:1)",2.09717691778993,1.18492682203237
"PE(33:2)",-2.90934058983517,0.883316973858027
"PE(34:0)",-0.377102458048685,-1.44569228228807
"PE(34:1)",9.04073232924297,-1.07683826745259
"PE(34:2)",5.29013657394378,1.83654730070364
"PE(34:3)",1.84198868298739,4.69004776540973
"PE(35:2)",0.188734241002373,-1.28118571839393
"PE(36:1)",3.83705929420689,-2.85985605557731
"PE(36:2)",0.442043237598717,-1.36625089648322
"PE(36:3)",-1.24253909130976,2.21356216877421
"PE(36:4)",6.09796356508887,1.9639539099958
"PE(36:5)",-0.049488058787036,1.73583856436087
"PE(37:2)",2.39843820590031,-2.95307409363654
"PE(37:4)",1.88284032643589,1.71203806071882
"PE(37:5)",-4.51834020286233,1.48673262586404
"PE(37:6)",-5.36895351279965,1.04449553313517
"PE(38:1)",-2.98104576944103,-2.35710524712496
"PE(38:2)",-2.88766152480843,-0.911962329128049
"PE(38:3)",0.426327260638534,-1.45296710421754
"PE(38:4)",3.86889622515961,1.80088473030633
"PE(38:5)",0.81548576761927,2.12409634734619
"PE(38:6)",7.61718731936149,2.92485784101793
"PE(38:7)",6.70928880279457,2.45214485911096
"PE(39:4)",1.43228386544473,-1.64827550069004
"PE(39:6)",1.0335995365394,1.41920673139319
"PE(40:4)",-3.94984961158878,3.28481866590872
"PE(40:5)",2.58118104356151,2.41393493240537
"PE(40:6)",6.51660547560193,1.71540491814773
"PE(40:7)",3.66803776942988,2.48485120166883
"PE(40:8)",-2.40555730054376,4.59787555691719
"PE(41:6)",-4.78247658054723,-1.27617212932893
"PE(42:10)",-4.67366331888377,2.40101125627883
"PE(42:7)",-0.647010483246333,2.41581270845994
"PE(42:8)",-1.35971913968635,2.99690097297805
"PE(O-32:3)",-4.71182497862221,-1.60129584824798
"PE(O-34:0)",-6.11825236405927,-2.07303543058775
"PE(O-34:1)",-5.84701446586842,3.79606399754377
"PE(O-34:2)",-8.07246325951454,-0.0203340108192327
"PE(O-34:3)",-11.385718559127,-1.44972816569342
"PE(O-34:4)",-10.7113917869831,-2.51793188728996
"PE(O-34:5)",-8.27335583084725,-2.26884618062663
"PE(O-35:5)",-8.01375894564103,-0.669422116393834
"PE(O-36:1)",5.10683793979188,-2.06268971563557
"PE(O-36:2)",-3.83750073450633,-2.60565796437788
"PE(O-36:3)",-10.2224542976642,-2.27597765666165
"PE(O-36:5)",-13.2556747201218,-1.60780413148811
"PE(O-36:6)",-4.44134921385807,0.11567028657622
"PE(O-36:7)",-4.4388569684881,-0.480793407050861
"PE(O-37:1)",3.70288449275528,-1.55390130897174
"PE(O-37:2)",-1.89168876006173,-2.00154333261391
"PE(O-37:5)",-11.3781494702963,-0.63625893261238
"PE(O-37:6)",-5.10236046830133,-2.44533945400883
"PE(O-37:7)",-7.17148048802864,0.46787088796888
"PE(O-38:1)",1.91515421027089,-1.36623086332294
"PE(O-38:2)",-6.78962308939915,-1.68085016486718
"PE(O-38:3)",-8.74564636738865,-1.54885710505967
"PE(O-38:4)",-11.4111338717419,-2.10315399843591
"PE(O-38:5)",-14.2832043109806,-1.55486355585386
"PE(O-38:6)",-11.1460239721617,-4.12853579543034
"PE(O-38:7)",-5.47797630767005,-1.02698778560843
"PE(O-39:2)",4.31429170948556,-1.64489603134246
"PE(O-39:4)",-2.04986698140887,-1.59279935534117
"PE(O-39:5)",-10.7287135097653,-1.06158573808401
"PE(O-39:6)",-8.65398747997978,-2.28994056954904
"PE(O-39:7)",-5.07601532334345,-0.409728012066619
"PE(O-39:8)",-5.05485792305981,1.06585331205291
"PE(O-40:2)",-4.37581094975424,-1.42551064811573
"PE(O-40:3)",-4.37344856251538,-1.88732728310645
"PE(O-40:4)",-1.45793492942506,-1.77784767211382
"PE(O-40:5)",-9.66972727382785,-1.83146574301274
"PE(O-40:6)",-9.37863236169609,-2.01757389448612
"PE(O-40:7)",-6.86752941515227,-1.08365676225801
"PE(O-40:8)",-5.20844655192162,0.00531455869568167
"PE(O-40:9)",-5.67256538699697,0.565615495984219
"PE(O-41:4)",-0.320351305166792,-1.73175859758714
"PE(O-41:6)",7.52530897490453,-1.47693498748205
"PE(O-41:7)",-5.04922177591622,-0.437553496467891
"PE(O-42:2)",-2.0526102125858,-1.33665230349602
"PE(O-42:3)",-3.12637626622588,-1.54442757653381
"PE(O-42:4)",-3.00454248696135,-1.61216141796715
"PE(O-42:5)",-7.96583354488728,-1.59769391243975
"PE(O-42:6)",-5.92010651883475,-1.240646936382
"PE(O-42:7)",-4.07949857696627,-0.529344947048376
"PE(O-42:8)",-1.74752000257265,-0.782147237888128
"PE(O-44:4)",-4.29773798513185,-0.917125311915252
"PE(O-44:5)",-7.06932639486075,-1.19995370799982
"PE(O-44:6)",-3.63162388549272,-0.967622216688817
"PE(O-44:7)",-3.18768656164775,-0.880119571593489
"PE(O-44:8)",1.33714418404079,-0.650573484477101
"PE(O-46:7)",-3.21602413809471,-0.868543119884487
"PE(O-46:8)",0.341153638874371,-0.333072756096545
"PI(32:0)",-6.19007668927474,-4.83348274316826
"PI(32:1)",-4.1321135159369,-0.312429396862347
"PI(33:1)",-5.07655017703174,0.956006574212127
"PI(34:0)",-6.82948331637095,-2.75203813730662
"PI(34:1)",-5.23371367902152,-1.77650081322664
"PI(34:2)",-4.96921585578365,-2.53622921519267
"PI(34:3)",-3.67652638666577,-0.664002635378214
"PI(35:2)",-5.55192233961648,-4.57620109393434
"PI(36:1)",-6.53648002586751,-4.97646753519251
"PI(36:2)",-4.80583788142997,-4.23458142564896
"PI(36:3)",-7.36492303568769,2.36755727667209
"PI(36:4)",-7.08485601119427,2.13538869875848
"PI(36:5)",-5.60532961132838,1.89900466409818
"PI(37:4)",-8.48749348399935,-2.09365589655889
"PI(38:2)",-5.46019935997347,-0.438661186875057
"PI(38:3)",-7.9939435242917,-5.11042243862447
"PI(38:4)",-8.95890623347853,2.85507556921078
"PI(38:5)",-7.54640515124528,3.77481042235205
"PI(38:6)",-5.44937353733004,2.52483760811311
"PI(38:7)",-8.96176833624114,1.98058819304635
"PI(40:4)",-6.29922677023766,-1.63384629979812
"PI(40:5)",-6.26072222366227,-1.48116188653787
"PI(40:6)",-4.55541759117855,-3.34633990730258
"PI(40:7)",-6.71287270594302,3.46952390417505
"PI(40:8)",-7.37712076260149,2.0618904754919
"SM(28:1;O2)",-3.06667426206432,1.46304167286844
"SM(30:1;O2)",1.51998205971976,1.13724550486518
"SM(30:1;O3)",-6.73878994549488,-0.865522783578116
"SM(30:2;O3)",-2.37105793539719,-1.22664743657433
"SM(31:1;O2)",-9.32935222076993,0.387075890150787
"SM(32:0;O2)",-9.01156007905868,1.14182417680993
"SM(32:1;O2)",-6.74362955093338,-1.13071151826245
"SM(32:1;O3)",-4.51975784874408,-3.30762320353399
"SM(32:2;O2)",-9.31192578215789,-1.60759074337788
"SM(33:0;O2)",-7.14112959781463,-3.02636398368243
"SM(33:1;O2)",-5.96899669174999,-2.35495920276052
"SM(33:1;O3)",-4.22567008693318,-2.93202214870164
"SM(34:0;O2)",-3.3547609506292,1.00245459318863
"SM(34:1;O2)",-1.94521907344384,-1.83929666353293
"SM(34:1;O3)",0.0970166288954367,-2.96375845235744
"SM(34:2;O2)",-4.63517386014496,-1.70665684814612
"SM(34:2;O3)",-0.806127489029252,-2.48165182628315
"SM(34:3;O2)",-6.57091543041823,-1.71544969260531
"SM(35:1;O2)",-2.73911940535578,-1.65575292111802
"SM(35:2;O2)",-5.05519422725914,-1.85825932793427
"SM(36:0;O2)",-1.05951405313863,2.47514572657289
"SM(36:1;O2)",3.00533524059536,-1.09108249500044
"SM(36:1;O3)",3.42468964040938,-2.02939590267262
"SM(36:2;O2)",0.790922432211374,-1.32126886958872
"SM(36:2;O3)",2.61819267649076,-2.14445017583501
"SM(36:3;O2)",-2.38493321513873,1.36840100451996
"SM(36:4;O2)",-5.73452966338689,-2.42829123580699
"SM(37:1;O2)",-5.30356804676612,1.62527293104743
"SM(37:2;O2)",-2.85183432686977,-1.4278184231941
"SM(38:0;O2)",-8.49698120660796,0.907348861178758
"SM(38:1;O2)",-7.50429748498315,2.00927297698406
"SM(38:2;O2)",-5.51344091582466,2.08389219162287
"SM(38:3;O2)",3.75697123372006,0.874205436662601
"SM(38:4;O2)",4.67179499408221,2.41093963201494
"SM(39:0;O2)",-9.24812700573588,1.33705448503891
"SM(39:1;O2)",-10.1952946493228,1.12534966290282
"SM(39:2;O2)",-6.5667523386312,2.26744959937041
"SM(40:0;O2)",-8.52172725704665,1.75183481730465
"SM(40:1;O2)",-8.8442693560472,1.44025559252492
"SM(40:2;O2)",-7.26975480505592,2.81954621206244
"SM(40:3;O2)",0.110346066432129,2.79985910544948
"SM(40:4;O2)",3.18462502482624,1.68142412643105
"SM(40:6;O2)",-2.46562220963919,0.444554557498831
"SM(40:7;O2)",-0.613847714350718,1.07750377990147
"SM(41:0;O2)",-7.96320076616682,-1.52787683173766
"SM(41:1;O2)",-8.98420374469794,1.39181984122125
"SM(41:2;O2)",-8.6003080236784,-1.31976459905635
"SM(41:3;O2)",-3.50900707953251,1.41978135067884
"SM(42:0;O2)",-5.01996230723582,1.73603982485912
"SM(42:0;O3)",-3.88133500475335,0.767218004244002
"SM(42:1;O2)",-7.93055993998484,1.72392457882813
"SM(42:1;O3)",-4.44886980183401,0.414054612689111
"SM(42:2;O2)",-2.95967510988895,1.52715064857683
"SM(42:2;O3)",-0.759994148632527,-2.2240546870816
"SM(42:3;O2)",-1.58046969832531,1.65155754936776
"SM(42:3;O3)",2.08666303761352,-1.65436613860202
"SM(42:4;O2)",1.36895051551854,1.50640561018616
"SM(42:5;O2)",4.11443374465564,2.16373177054799
"SM(42:6;O2)",-0.319990600325936,2.78145804394532
"SM(42:7;O2)",-1.82674013797006,2.85883919589542
"SM(43:1;O2)",-7.72525084416319,1.65700325746712
"SM(43:2;O2)",-5.59838514313446,1.41557591023553
"SM(43:3;O2)",-5.62335790299505,-1.83032185114169
"SM(44:1;O2)",-7.64549398696998,1.23504861983789
"SM(44:2;O2)",-4.41637181414445,1.84879639871021
"SM(44:3;O2)",-2.06396827192777,1.80180008256504
"SM(44:5;O2)",0.355765904462648,1.31223240187762
"SM(44:6;O2)",2.3283607489566,-0.202014480023145
"ST(18:1)",-6.38383086455377,-1.92090594997193
"ST(18:2)",-7.16805165868102,-2.10662004872849
"ST(18:3)",-8.38311178195681,-1.34943550827521
"ST(20:2)",-2.86803237167882,-2.52491647530502
"ST(20:4)",-3.31061082301622,-1.6518271765254
"ST(22:5)",-0.60177774335363,0.812818545585725
"ST(22:6)",-2.51886811130781,-0.700310038597843
"ST(24:1)",-0.123608441312942,0.245017642868838
"ST(27:0)",2.02185640514255,-0.143957602501015
"ST(27:1)",-2.30902189737289,-0.458462955407469
"ST(28:1)",-1.25046507598461,-0.31709202646287
"ST(28:2)",-3.16996136511206,-0.319464358101052
"ST(29:1)",0.0301594240993917,-0.727342354957336
"ST(29:2)",1.44122183979609,-0.643466494554509
"TG(40:0)",-3.24607777910842,-1.14227862459854
"TG(42:0)",0.589995837887841,-1.87086942652904
"TG(43:1)",-3.90010040943472,-1.88662319018774
"TG(44:0)",-4.48506509017748,-0.92764311219671
"TG(44:1)",-3.61581874145848,-0.514356676068843
"TG(45:0)",-3.61684415084823,-1.17853557256783
"TG(45:1)",-4.50361229568776,0.731116319927064
"TG(46:0)",-4.15801839196777,-1.43414885557687
"TG(46:1)",-4.99038316505321,-0.666041552850099
"TG(46:2)",-4.25776349211338,-0.818759280692863
"TG(46:3)",-2.09039766702519,-0.154196497192886
"TG(46:4)",0.741927634547964,-0.645955924647891
"TG(47:0)",-3.47490512737329,-3.31485523954789
"TG(47:1)",-4.48852262055598,-1.18484482697576
"TG(47:2)",-5.31441300182821,-1.00285172953215
"TG(47:3)",-4.74533058954064,-0.310560087641426
"TG(48:0)",-2.82863735217453,-1.98435334894112
"TG(48:1)",-4.29535972835335,-1.52318064493938
"TG(48:2)",-5.53110087473029,-1.36756620504077
"TG(48:3)",-6.16907851775861,-0.947780339645283
"TG(48:4)",-5.44869616624468,-0.951935574218903
"TG(48:5)",-4.58149185709034,0.711240906200238
"TG(48:6)",-2.37972302116701,0.706188098366936
"TG(49:1)",-4.13519699269905,-2.41131256000452
"TG(49:2)",-4.93791341242999,-2.6152268136505
"TG(49:3)",-5.45519006768855,-1.51960028502552
"TG(49:4)",-5.30493559892275,-0.909735121621817
"TG(50:0)",-0.437557821716504,-0.599191582806277
"TG(50:1)",-0.932787378115605,-2.13160648000409
"TG(50:2)",-1.72794120471982,-2.36906982405689
"TG(50:3)",-3.97539241991545,-1.90714896197136
"TG(50:4)",-6.09956678803042,-1.46953483881199
"TG(50:5)",-6.87017953899971,-1.37681214751107
"TG(50:6)",-5.59540434410358,-0.549402778477255
"TG(50:7)",-3.60964785949794,2.14667960730741
"TG(51:0)",-2.75880823207287,-2.46076515011073
"TG(51:1)",-2.17778265040389,-2.50844007620836
"TG(51:2)",-4.43978757752965,-3.03636197103558
"TG(51:3)",-4.42990589771507,-2.71482631454158
"TG(51:4)",-4.68399366457788,-2.91715266031933
"TG(51:5)",-4.81345761897422,-4.9696367753213
"TG(51:6)",-4.28763041840854,-1.19998097487184
"TG(52:0)",-1.20857162662057,-1.65941969559802
"TG(52:1)",2.67648655354661,-2.33900410779652
"TG(52:2)",-1.28055189468397,-3.00705806261812
"TG(52:3)",0.0552741314537584,3.22175177144336
"TG(52:4)",0.258709991299441,-2.55160197518668
"TG(52:5)",-3.0792010992363,-2.95369440383272
"TG(52:6)",-6.64808922240623,-1.589729365684
"TG(52:7)",-5.93809382687159,0.22327871897366
"TG(52:8)",-4.34323713870638,2.57638715486229
"TG(52:9)",-2.10751673223997,2.65421118313119
"TG(53:0)",-3.31303720042741,-3.54482207236927
"TG(53:1)",-1.00138211182832,-2.50878525545851
"TG(53:2)",1.21425019578052,-3.15882715816668
"TG(53:3)",-4.14053193692435,-2.80967465593684
"TG(53:4)",-3.53617772049112,-2.41163060194276
"TG(53:5)",-5.60769634824465,-2.7134709558261
"TG(53:6)",-4.4513420459598,-3.32007129769089
"TG(54:0)",-3.73277824844574,-3.14026895434212
"TG(54:1)",0.0461333849803796,-2.50957744344009
"TG(54:10)",-0.975703921297851,2.42215432598467
"TG(54:2)",3.48927698858825,-3.01940288343935
"TG(54:3)",2.57220529749781,-2.57389692804866
"TG(54:4)",1.2684675242478,-2.20962147936683
"TG(54:5)",1.97031973232442,-2.57410347108001
"TG(54:6)",2.48346729864051,-3.1412124498264
"TG(54:7)",0.735354110002667,-4.79838627649522
"TG(54:8)",-2.02413607765908,-0.433778958266852
"TG(54:9)",-3.26054814377402,1.43259375439803
"TG(55:0)",-3.86166508009168,-6.9923703873767
"TG(55:1)",-3.00165635016476,-3.50093802207195
"TG(55:10)",-0.139044368454199,0.793724487322864
"TG(55:2)",1.57300920888421,-3.37438023610991
"TG(55:3)",4.05566688696898,-3.65769695618892
"TG(55:4)",-0.158192041612113,-2.3371387354618
"TG(55:5)",-2.14014648553506,-2.47278841572838
"TG(55:6)",-1.83429973081302,-1.85754461531509
"TG(55:7)",-1.98153301074091,-1.34350150612663
"TG(55:8)",-1.88849462148656,-1.68860077362217
"TG(55:9)",-1.50115735083234,-0.066511720047459
"TG(56:0)",-4.46399518108396,-6.9755855793617
"TG(56:1)",-3.57990316495011,-4.13421391971912
"TG(56:10)",-2.366307638238,-1.04208033566281
"TG(56:11)",-1.36744704552526,1.7470504324932
"TG(56:12)",-0.997530309160282,1.82658798866371
"TG(56:2)",-0.979157674689172,-3.60292517706193
"TG(56:3)",2.20348710277244,-3.12939890610368
"TG(56:4)",4.35372827785451,-4.8077512610587
"TG(56:5)",5.24914238045752,-2.68071163768833
"TG(56:6)",0.710837670007427,-1.85752147933738
"TG(56:7)",0.96017725333858,-1.41893383069399
"TG(56:8)",1.14115472735378,-1.04756735809806
"TG(56:9)",-2.08054642943201,-1.24464512822106
"TG(57:10)",-1.59196321576412,-1.08349551603877
"TG(57:2)",-2.22729160519194,-4.93471231622434
"TG(57:3)",0.380510511035331,-3.79584862961689
"TG(57:4)",1.39161120352492,-3.61497052116887
"TG(57:6)",-1.33794743545215,-1.37095331292477
"TG(57:7)",-1.29141153581531,-1.25147892568648
"TG(57:8)",-0.652788181890282,-1.38174073178575
"TG(57:9)",-1.0805610609226,-0.934236651179511
"TG(58:0)",-4.61125153204724,-9.12504461667701
"TG(58:1)",-3.72974807931692,-5.36195089772847
"TG(58:10)",0.647435186693379,0.283254024312535
"TG(58:11)",-1.28852935176763,0.19824511049244
"TG(58:12)",-1.26560602371992,-0.0472228509054995
"TG(58:13)",-0.950198587401869,2.40426984183584
"TG(58:2)",-1.57490626662367,-4.64294596832357
"TG(58:3)",-0.304455366895496,-3.56247933992769
"TG(58:4)",2.54497518979188,-3.45811883204326
"TG(58:5)",4.91042636429546,-2.57106219094835
"TG(58:6)",3.71421097455847,-1.74167866810121
"TG(58:7)",0.3800469975947,-0.573751585967689
"TG(58:8)",1.26912505605752,1.31039392501766
"TG(58:9)",1.42792618534482,1.2194154562931
"TG(59:10)",-1.35354629640257,-1.00345945426558
"TG(59:11)",-1.01652976003805,-0.485233332733292
"TG(59:2)",-1.64060119252095,-4.7897135759672
"TG(59:3)",-0.801491113287968,-4.79604623208303
"TG(59:5)",2.75439343758,-3.69351841626471
"TG(59:6)",3.08736417404398,-2.12594559468029
"TG(59:8)",-1.02652658097474,-0.550905693477101
"TG(59:9)",-0.666642367236681,-0.424692044348046
"TG(60:1)",-4.01718081190599,-5.98760440886522
"TG(60:10)",0.194558186942847,0.753116828688003
"TG(60:11)",-0.0991080812086154,1.16160438185522
"TG(60:12)",-0.417891211726759,0.92398935458614
"TG(60:13)",-1.0752166136421,0.710859245505549
"TG(60:2)",-2.12456919006289,-5.04419579881015
"TG(60:3)",-0.746523312436033,-5.02676401751511
"TG(60:4)",0.958047973578096,-4.23920532434341
"TG(60:5)",1.36998461448671,-3.06926065546381
"TG(60:6)",1.21985016219346,-1.63833573451633
"TG(60:7)",0.69012004032702,-0.928013424633029
"TG(60:8)",-0.773943196480573,-1.48150316850877
"TG(60:9)",-0.350627171019534,1.87867993235693
"TG(61:2)",-9.95160771590806,-6.19342171692889
"TG(61:3)",-1.96379339361829,-6.13820964340632
"TG(61:4)",0.227296312323021,-5.88556960391084
"TG(61:5)",-0.0192767314912861,-4.02097208802198
"TG(61:7)",-0.0970051025560606,-1.85575315685007
"TG(62:10)",-3.077009054004,-1.2697590896517
"TG(62:12)",-0.397096520525958,-0.170146782421153
"TG(62:13)",-0.0372860893491467,0.842167582077589
"TG(62:14)",0.0969372236630872,1.13895146695759
"TG(62:15)",-1.06901656624643,1.52067594804528
"TG(62:2)",-2.92803099213098,-6.65376260736691
"TG(62:3)",-2.06118360138305,-6.1857448682646
"TG(62:4)",-0.547187305393375,-4.69151335000152
"TG(62:5)",-1.25705178770525,-3.35733891337333
"TG(62:6)",-1.86457863363724,-1.90898392366261
"TG(62:7)",-0.387770298868259,-0.701112322296705
"TG(62:8)",-0.960974040222721,-0.944721669223142
"TG(62:9)",-0.90076649900356,0.0227216722839432
"TG(64:13)",-1.41882882429792,-0.50921163023782
"TG(64:14)",-1.26286176270684,1.25595393468594
"TG(64:15)",-0.995226211510444,0.569481637340474
"TG(64:16)",-0.88927505894666,1.78908102865898
"TG(64:17)",-1.10492377548402,2.61292816454135
"TG(64:9)",0.487527229769845,-1.08611891798864
"TG(66:17)",-0.855436604285078,0.943554318345187
"TG(66:3)",-3.3319140553355,-5.25618067533137
"TG(68:3)",-3.18970460901031,-4.34630038046677
"TG(68:4)",-2.41521677620881,-5.55208631657072
"TG(68:5)",-1.71773106348585,-8.18564747337056
"TG(70:5)",-2.48519782328797,-5.60205231278122
"TG(O-48:0)",-4.34617780096468,-2.56104549552574
"TG(O-48:1)",-4.9400032860653,-0.504499729027595
"TG(O-48:2)",-2.87993187438776,-4.50892877713782
"TG(O-50:0)",-4.62127660441731,-1.92491041443859
"TG(O-50:1)",-5.88445709848094,-2.88034308713033
"TG(O-50:2)",-4.805996272327,-6.36573852485086
"TG(O-50:3)",-3.28582774626777,-6.07774988358419
"TG(O-51:0)",-3.43220924453527,-2.2100962551463
"TG(O-51:1)",4.61196745024785,-1.98338579548823
"TG(O-51:2)",1.21784430228598,-3.41155010357048
"TG(O-52:0)",-5.31265375634078,-1.3156911851598
"TG(O-52:1)",-5.77322880604762,-2.69917596086683
"TG(O-52:2)",-5.3942759105236,-4.98998600051736
"TG(O-52:3)",-4.25768153136882,-6.91259187939357
"TG(O-52:4)",-1.61512692587434,-6.64296088556076
"TG(O-53:0)",-4.6613311672881,-1.46637701788344
"TG(O-53:1)",-3.98761166800394,-2.10338927507625
"TG(O-53:2)",5.23842234016739,-3.53522501399886
"TG(O-54:1)",-5.25171315106442,-2.15519936046038
"TG(O-54:2)",-5.62758549022342,-3.71642704672229
"TG(O-54:3)",-4.2845832524956,-4.44125106079216
"TG(O-54:4)",-3.29892735471162,-9.63274704038019
"TG(O-54:5)",5.72424612668615,-1.95732806541502
"TG(O-55:1)",-5.80267732140261,-1.65688094632035
"TG(O-55:2)",-5.73238362098303,-2.47117528058509
"TG(O-55:3)",-4.32796863762619,-1.80647899672849
"TG(O-56:0)",-6.83963711410019,-0.382835188552293
"TG(O-56:1)",-5.60987889822442,-1.49618183996985
"TG(O-56:2)",-3.79163504197778,-2.32841552036814
"TG(O-56:3)",-3.77739668132761,-3.10539733929954
"TG(O-56:4)",-3.96549958782193,-3.18655616869816
"TG(O-56:5)",-0.740963890184648,-1.08847064748068
"TG(O-56:6)",-1.34313134615438,-0.911748608352992
"TG(O-56:7)",5.58734950502806,-1.0580690406347
"TG(O-56:8)",1.98627931832027,-2.42899278907619
"TG(O-57:2)",-6.76368968470557,-1.51738419094453
"TG(O-57:3)",-3.54617167393143,-1.52206133108086
"TG(O-58:1)",-6.25675522009321,-0.808744057337039
"TG(O-58:2)",-4.17994299009677,-1.35723283488119
"TG(O-58:3)",-3.17927796240125,-2.18857109724516
"TG(O-58:4)",-2.89652085518464,-2.3085044796988
"TG(O-58:5)",-3.66211480575187,0.349032461300915
"TG(O-58:6)",-3.3701083969297,-0.44189209229267
"TG(O-58:7)",1.72605549496501,-0.89121082650164
"TG(O-58:8)",5.19795386941086,-0.600592387275347
"TG(O-59:2)",-6.01611876531676,-1.4540535779936
"TG(O-59:3)",-6.11889711456254,-1.35526716478061
"TG(O-60:1)",-7.00238045457602,-0.913014670128311
"TG(O-60:2)",-4.97325134993179,-1.05244315361445
"TG(O-60:3)",-3.38551766997774,-1.38990464725032
"TG(O-60:5)",-2.52445799539055,0.287877650600573
"TG(O-60:6)",-3.47374295423184,-0.0188584316096377
"TG(O-60:7)",-1.47113781578106,-0.607872381089847
"TG(O-60:8)",0.572536978203181,-0.639883629915504
"TG(O-62:2)",-5.46290161782835,-1.59080594386448
"TG(O-62:3)",-2.40785175007358,-1.4611073523665
"TG(O-62:6)",-2.15948837260671,0.142581835648574
"TG(O-62:7)",-1.79064078383288,-0.293853554147943
"TG(O-62:8)",-0.481878992051968,0.105176800145128
"TG(O-64:8)",-1.64246907432076,0.241163059129901
